bowler,phase,legal_balls,overs,total_overs,phase_usage_probability
A Badoni,death,16,2.6666666666666665,6.5,0.41025641025641024
A Badoni,middle,22,3.6666666666666665,6.5,0.5641025641025641
A Badoni,powerplay,1,0.16666666666666666,6.5,0.02564102564102564
A Dananjaya,death,57,9.5,88.83333333333333,0.10694183864915573
A Dananjaya,middle,265,44.166666666666664,88.83333333333333,0.4971857410881801
A Dananjaya,powerplay,211,35.166666666666664,88.83333333333333,0.39587242026266417
A Flintoff,death,54,9.0,29.5,0.3050847457627119
A Flintoff,middle,53,8.833333333333334,29.5,0.2994350282485876
A Flintoff,powerplay,70,11.666666666666666,29.5,0.39548022598870053
A Mishra,death,498,83.0,546.3333333333334,0.15192190359975594
A Mishra,middle,2652,442.0,546.3333333333334,0.8090298962782184
A Mishra,powerplay,128,21.333333333333332,546.3333333333334,0.039048200122025624
A Nehra,death,582,97.0,343.5,0.2823871906841339
A Nehra,middle,278,46.333333333333336,343.5,0.1348859776807375
A Nehra,powerplay,1201,200.16666666666666,343.5,0.5827268316351285
A Nel,death,6,1.0,6.333333333333334,0.15789473684210525
A Nel,middle,18,3.0,6.333333333333334,0.47368421052631576
A Nel,powerplay,14,2.3333333333333335,6.333333333333334,0.3684210526315789
A Nortje,death,600,100.0,283.6666666666667,0.3525264394829612
A Nortje,middle,474,79.0,283.6666666666667,0.27849588719153934
A Nortje,powerplay,628,104.66666666666667,283.6666666666667,0.3689776733254994
A Symonds,death,111,18.5,96.33333333333334,0.19204152249134945
A Symonds,middle,362,60.333333333333336,96.33333333333334,0.6262975778546712
A Symonds,powerplay,105,17.5,96.33333333333334,0.18166089965397922
A Zampa,death,307,51.166666666666664,323.66666666666663,0.1580844490216272
A Zampa,middle,1503,250.5,323.66666666666663,0.7739443872296602
A Zampa,powerplay,132,22.0,323.66666666666663,0.06797116374871268
AA Noffke,death,18,3.0,9.166666666666668,0.3272727272727272
AA Noffke,middle,25,4.166666666666667,9.166666666666668,0.45454545454545453
AA Noffke,powerplay,12,2.0,9.166666666666668,0.21818181818181814
AB Agarkar,death,180,30.0,124.5,0.24096385542168675
AB Agarkar,middle,409,68.16666666666667,124.5,0.5475234270414994
AB Agarkar,powerplay,158,26.333333333333332,124.5,0.21151271753681392
AB Dinda,death,434,72.33333333333333,238.66666666666666,0.303072625698324
AB Dinda,middle,278,46.333333333333336,238.66666666666666,0.19413407821229053
AB Dinda,powerplay,720,120.0,238.66666666666666,0.5027932960893855
AC Gilchrist,death,1,0.16666666666666666,0.16666666666666666,1.0
AC Voges,death,12,2.0,9.0,0.2222222222222222
AC Voges,middle,30,5.0,9.0,0.5555555555555556
AC Voges,powerplay,12,2.0,9.0,0.2222222222222222
AD Mascarenhas,death,24,4.0,73.33333333333333,0.05454545454545455
AD Mascarenhas,middle,246,41.0,73.33333333333333,0.5590909090909091
AD Mascarenhas,powerplay,170,28.333333333333332,73.33333333333333,0.38636363636363635
AD Mathews,death,152,25.333333333333332,244.5,0.10361281526925699
AD Mathews,middle,809,134.83333333333334,244.5,0.5514655760054533
AD Mathews,powerplay,506,84.33333333333333,244.5,0.3449216087252897
AD Russell,death,781,130.16666666666666,427.8333333333333,0.30424620179197504
AD Russell,middle,1135,189.16666666666666,427.8333333333333,0.4421503700818076
AD Russell,powerplay,651,108.5,427.8333333333333,0.2536034281262174
AF Milne,death,191,31.833333333333332,130.5,0.24393358876117496
AF Milne,middle,227,37.833333333333336,130.5,0.28991060025542786
AF Milne,powerplay,365,60.833333333333336,130.5,0.4661558109833972
AJ Finch,death,6,1.0,7.333333333333333,0.13636363636363638
AJ Finch,middle,32,5.333333333333333,7.333333333333333,0.7272727272727273
AJ Finch,powerplay,6,1.0,7.333333333333333,0.13636363636363638
AJ Hosein,death,61,10.166666666666666,228.0,0.0445906432748538
AJ Hosein,middle,651,108.5,228.0,0.4758771929824561
AJ Hosein,powerplay,656,109.33333333333333,228.0,0.47953216374269003
AJ Turner,death,1,0.16666666666666666,2.666666666666667,0.06249999999999999
AJ Turner,middle,9,1.5,2.666666666666667,0.5624999999999999
AJ Turner,powerplay,6,1.0,2.666666666666667,0.37499999999999994
AJ Tye,death,468,78.0,180.0,0.43333333333333335
AJ Tye,middle,331,55.166666666666664,180.0,0.30648148148148147
AJ Tye,powerplay,281,46.833333333333336,180.0,0.2601851851851852
AK Markram,death,31,5.166666666666667,85.0,0.0607843137254902
AK Markram,middle,314,52.333333333333336,85.0,0.615686274509804
AK Markram,powerplay,165,27.5,85.0,0.3235294117647059
AM Nayar,death,6,1.0,33.0,0.030303030303030304
AM Nayar,middle,186,31.0,33.0,0.9393939393939394
AM Nayar,powerplay,6,1.0,33.0,0.030303030303030304
AM Rahane,middle,5,0.8333333333333334,0.8333333333333334,1.0
AR Patel,death,450,75.0,729.1666666666666,0.10285714285714287
AR Patel,middle,3002,500.3333333333333,729.1666666666666,0.6861714285714285
AR Patel,powerplay,923,153.83333333333334,729.1666666666666,0.2109714285714286
AS Joseph,death,356,59.333333333333336,187.16666666666669,0.3170080142475512
AS Joseph,middle,374,62.333333333333336,187.16666666666669,0.33303650934995543
AS Joseph,powerplay,393,65.5,187.16666666666669,0.3499554764024933
AU Rashid,death,169,28.166666666666668,343.83333333333337,0.08191953465826465
AU Rashid,middle,1761,293.5,343.83333333333337,0.8536112457586039
AU Rashid,powerplay,133,22.166666666666668,343.83333333333337,0.06446921958313136
Abdul Samad,death,8,1.3333333333333333,9.333333333333334,0.14285714285714285
Abdul Samad,middle,48,8.0,9.333333333333334,0.8571428571428571
Abdur Razzak,death,82,13.666666666666666,61.0,0.22404371584699453
Abdur Razzak,middle,204,34.0,61.0,0.5573770491803278
Abdur Razzak,powerplay,80,13.333333333333334,61.0,0.21857923497267762
Abhishek Sharma,death,50,8.333333333333334,66.83333333333333,0.12468827930174566
Abhishek Sharma,middle,274,45.666666666666664,66.83333333333333,0.683291770573566
Abhishek Sharma,powerplay,77,12.833333333333334,66.83333333333333,0.1920199501246883
Arshdeep Singh,death,990,165.0,483.0,0.3416149068322981
Arshdeep Singh,middle,446,74.33333333333333,483.0,0.1538992408557626
Arshdeep Singh,powerplay,1462,243.66666666666666,483.0,0.5044858523119392
Avesh Khan,death,686,114.33333333333333,317.1666666666667,0.36048344718864944
Avesh Khan,middle,559,93.16666666666667,317.1666666666667,0.29374671571203365
Avesh Khan,powerplay,658,109.66666666666667,317.1666666666667,0.34576983709931686
B Geeves,death,14,2.3333333333333335,10.5,0.22222222222222224
B Geeves,middle,16,2.6666666666666665,10.5,0.25396825396825395
B Geeves,powerplay,33,5.5,10.5,0.5238095238095238
B Kumar,death,1790,298.3333333333333,889.8333333333333,0.33526877692451773
B Kumar,middle,530,88.33333333333333,889.8333333333333,0.09926952612848848
B Kumar,powerplay,3019,503.1666666666667,889.8333333333333,0.5654616969469939
B Laughlin,death,98,16.333333333333332,38.33333333333333,0.42608695652173917
B Laughlin,middle,75,12.5,38.33333333333333,0.3260869565217392
B Laughlin,powerplay,57,9.5,38.33333333333333,0.24782608695652178
B Lee,death,339,56.5,185.0,0.3054054054054054
B Lee,middle,122,20.333333333333332,185.0,0.1099099099099099
B Lee,powerplay,649,108.16666666666667,185.0,0.5846846846846847
B Muzarabani,death,177,29.5,84.33333333333333,0.349802371541502
B Muzarabani,middle,49,8.166666666666666,84.33333333333333,0.09683794466403162
B Muzarabani,powerplay,280,46.666666666666664,84.33333333333333,0.5533596837944664
B Stanlake,death,28,4.666666666666667,55.16666666666667,0.08459214501510574
B Stanlake,middle,129,21.5,55.16666666666667,0.38972809667673713
B Stanlake,powerplay,174,29.0,55.16666666666667,0.525679758308157
BA Stokes,death,250,41.666666666666664,193.16666666666666,0.2157031924072476
BA Stokes,middle,647,107.83333333333333,193.16666666666666,0.5582398619499569
BA Stokes,powerplay,262,43.666666666666664,193.16666666666666,0.22605694564279552
BAW Mendis,death,192,32.0,140.16666666666669,0.22829964328180735
BAW Mendis,middle,508,84.66666666666667,140.16666666666669,0.6040428061831153
BAW Mendis,powerplay,141,23.5,140.16666666666669,0.16765755053507728
BB Sran,death,79,13.166666666666666,78.66666666666666,0.16737288135593223
BB Sran,middle,163,27.166666666666668,78.66666666666666,0.34533898305084754
BB Sran,powerplay,230,38.333333333333336,78.66666666666666,0.48728813559322043
BCJ Cutting,death,74,12.333333333333334,54.66666666666667,0.22560975609756095
BCJ Cutting,middle,194,32.333333333333336,54.66666666666667,0.5914634146341463
BCJ Cutting,powerplay,60,10.0,54.66666666666667,0.18292682926829268
BE Hendricks,death,102,17.0,54.33333333333333,0.3128834355828221
BE Hendricks,middle,78,13.0,54.33333333333333,0.23926380368098163
BE Hendricks,powerplay,146,24.333333333333332,54.33333333333333,0.44785276073619634
BJ Dwarshuis,death,71,11.833333333333334,41.5,0.285140562248996
BJ Dwarshuis,middle,81,13.5,41.5,0.3253012048192771
BJ Dwarshuis,powerplay,97,16.166666666666668,41.5,0.3895582329317269
BJ Hodge,death,13,2.1666666666666665,36.16666666666667,0.05990783410138248
BJ Hodge,middle,157,26.166666666666668,36.16666666666667,0.7235023041474654
BJ Hodge,powerplay,47,7.833333333333333,36.16666666666667,0.21658986175115202
BJ Rohrer,middle,6,1.0,1.0,1.0
BMAJ Mendis,death,14,2.3333333333333335,24.0,0.09722222222222222
BMAJ Mendis,middle,130,21.666666666666668,24.0,0.9027777777777778
BW Hilfenhaus,death,100,16.666666666666668,73.33333333333333,0.2272727272727273
BW Hilfenhaus,middle,63,10.5,73.33333333333333,0.1431818181818182
BW Hilfenhaus,powerplay,277,46.166666666666664,73.33333333333333,0.6295454545454545
C Bosch,death,122,20.333333333333332,64.16666666666666,0.31688311688311693
C Bosch,middle,202,33.666666666666664,64.16666666666666,0.5246753246753247
C Bosch,powerplay,61,10.166666666666666,64.16666666666666,0.15844155844155847
C Connolly,middle,24,4.0,6.333333333333334,0.631578947368421
C Connolly,powerplay,14,2.3333333333333335,6.333333333333334,0.3684210526315789
C Green,death,111,18.5,102.66666666666667,0.18019480519480519
C Green,middle,357,59.5,102.66666666666667,0.5795454545454545
C Green,powerplay,148,24.666666666666668,102.66666666666667,0.24025974025974026
C Munro,death,8,1.3333333333333333,15.833333333333334,0.08421052631578947
C Munro,middle,87,14.5,15.833333333333334,0.9157894736842105
C Sakariya,death,123,20.5,72.16666666666667,0.2840646651270208
C Sakariya,middle,116,19.333333333333332,72.16666666666667,0.2678983833718244
C Sakariya,powerplay,194,32.333333333333336,72.16666666666667,0.44803695150115475
C de Grandhomme,death,55,9.166666666666666,62.83333333333333,0.14588859416445624
C de Grandhomme,middle,297,49.5,62.83333333333333,0.7877984084880637
C de Grandhomme,powerplay,25,4.166666666666667,62.83333333333333,0.06631299734748011
CH Gayle,death,172,28.666666666666668,125.33333333333334,0.22872340425531915
CH Gayle,middle,463,77.16666666666667,125.33333333333334,0.6156914893617021
CH Gayle,powerplay,117,19.5,125.33333333333334,0.1555851063829787
CH Morris,death,725,120.83333333333333,336.6666666666667,0.3589108910891089
CH Morris,middle,495,82.5,336.6666666666667,0.24504950495049505
CH Morris,powerplay,800,133.33333333333334,336.6666666666667,0.39603960396039606
CJ Anderson,death,158,26.333333333333332,83.16666666666666,0.31663326653306617
CJ Anderson,middle,205,34.166666666666664,83.16666666666666,0.41082164328657317
CJ Anderson,powerplay,136,22.666666666666668,83.16666666666666,0.27254509018036077
CJ Dala,death,18,3.0,19.5,0.15384615384615385
CJ Dala,middle,51,8.5,19.5,0.4358974358974359
CJ Dala,powerplay,48,8.0,19.5,0.41025641025641024
CJ Green,death,5,0.8333333333333334,6.833333333333334,0.12195121951219512
CJ Green,middle,18,3.0,6.833333333333334,0.4390243902439024
CJ Green,powerplay,18,3.0,6.833333333333334,0.4390243902439024
CJ Jordan,death,881,146.83333333333334,352.5,0.41654846335697404
CJ Jordan,middle,625,104.16666666666667,352.5,0.2955082742316785
CJ Jordan,powerplay,609,101.5,352.5,0.28794326241134754
CJ McKay,death,26,4.333333333333333,24.0,0.18055555555555555
CJ McKay,middle,63,10.5,24.0,0.4375
CJ McKay,powerplay,55,9.166666666666666,24.0,0.3819444444444444
CK Kapugedera,death,6,1.0,2.833333333333333,0.35294117647058826
CK Kapugedera,middle,11,1.8333333333333333,2.833333333333333,0.6470588235294118
CK Langeveldt,death,72,12.0,35.33333333333333,0.339622641509434
CK Langeveldt,middle,42,7.0,35.33333333333333,0.19811320754716985
CK Langeveldt,powerplay,98,16.333333333333332,35.33333333333333,0.46226415094339623
CL White,middle,72,12.0,12.0,1.0
CR Brathwaite,death,170,28.333333333333332,118.33333333333333,0.23943661971830985
CR Brathwaite,middle,448,74.66666666666667,118.33333333333333,0.6309859154929578
CR Brathwaite,powerplay,92,15.333333333333334,118.33333333333333,0.12957746478873242
CR Woakes,death,208,34.666666666666664,135.33333333333334,0.25615763546798026
CR Woakes,middle,189,31.5,135.33333333333334,0.23275862068965517
CR Woakes,powerplay,415,69.16666666666667,135.33333333333334,0.5110837438423645
CRD Fernando,death,114,19.0,73.16666666666667,0.2596810933940774
CRD Fernando,middle,133,22.166666666666668,73.16666666666667,0.30296127562642367
CRD Fernando,powerplay,192,32.0,73.16666666666667,0.4373576309794988
CV Varun,death,351,58.5,422.83333333333337,0.13835238470634606
CV Varun,middle,1714,285.6666666666667,422.83333333333337,0.6756011036657469
CV Varun,powerplay,472,78.66666666666667,422.83333333333337,0.18604651162790697
D Brevis,death,3,0.5,0.5,1.0
D Ferreira,death,12,2.0,8.0,0.25
D Ferreira,middle,36,6.0,8.0,0.75
D Madushanka,death,52,8.666666666666666,35.16666666666667,0.24644549763033172
D Madushanka,middle,35,5.833333333333333,35.16666666666667,0.1658767772511848
D Madushanka,powerplay,124,20.666666666666668,35.16666666666667,0.5876777251184834
D Pretorius,death,147,24.5,79.16666666666666,0.30947368421052635
D Pretorius,middle,286,47.666666666666664,79.16666666666666,0.6021052631578948
D Pretorius,powerplay,42,7.0,79.16666666666666,0.08842105263157896
D Wiese,death,98,16.333333333333332,96.83333333333333,0.1686746987951807
D Wiese,middle,376,62.666666666666664,96.83333333333333,0.6471600688468159
D Wiese,powerplay,107,17.833333333333332,96.83333333333333,0.18416523235800344
DA Warner,middle,1,0.16666666666666666,0.16666666666666666,1.0
DAJ Bracewell,death,69,11.5,33.5,0.34328358208955223
DAJ Bracewell,middle,66,11.0,33.5,0.3283582089552239
DAJ Bracewell,powerplay,66,11.0,33.5,0.3283582089552239
DE Bollinger,death,231,38.5,112.66666666666666,0.34171597633136097
DE Bollinger,middle,61,10.166666666666666,112.66666666666666,0.09023668639053255
DE Bollinger,powerplay,384,64.0,112.66666666666666,0.5680473372781065
DJ Bravo,death,1624,270.6666666666667,640.8333333333334,0.4223667100130039
DJ Bravo,middle,1907,317.8333333333333,640.8333333333334,0.4959687906371911
DJ Bravo,powerplay,314,52.333333333333336,640.8333333333334,0.08166449934980494
DJ Hooda,death,52,8.666666666666666,70.0,0.1238095238095238
DJ Hooda,middle,286,47.666666666666664,70.0,0.6809523809523809
DJ Hooda,powerplay,82,13.666666666666666,70.0,0.19523809523809524
DJ Hussey,death,67,11.166666666666666,90.66666666666667,0.12316176470588235
DJ Hussey,middle,433,72.16666666666667,90.66666666666667,0.7959558823529412
DJ Hussey,powerplay,44,7.333333333333333,90.66666666666667,0.08088235294117646
DJ Malan,death,5,0.8333333333333334,1.3333333333333335,0.625
DJ Malan,middle,3,0.5,1.3333333333333335,0.37499999999999994
DJ Mitchell,death,44,7.333333333333333,21.333333333333332,0.34375
DJ Mitchell,middle,84,14.0,21.333333333333332,0.65625
DJ Willey,death,176,29.333333333333332,117.66666666666666,0.2492917847025496
DJ Willey,middle,83,13.833333333333334,117.66666666666666,0.11756373937677056
DJ Willey,powerplay,447,74.5,117.66666666666666,0.6331444759206799
DJG Sammy,death,71,11.833333333333334,127.0,0.09317585301837271
DJG Sammy,middle,528,88.0,127.0,0.6929133858267716
DJG Sammy,powerplay,163,27.166666666666668,127.0,0.21391076115485566
DJM Short,death,7,1.1666666666666667,12.833333333333332,0.09090909090909093
DJM Short,middle,64,10.666666666666666,12.833333333333332,0.8311688311688312
DJM Short,powerplay,6,1.0,12.833333333333332,0.07792207792207793
DL Chahar,death,273,45.5,382.0,0.11910994764397906
DL Chahar,middle,303,50.5,382.0,0.13219895287958114
DL Chahar,powerplay,1716,286.0,382.0,0.7486910994764397
DL Vettori,death,219,36.5,213.16666666666669,0.17122752150117276
DL Vettori,middle,935,155.83333333333334,213.16666666666669,0.7310398749022674
DL Vettori,powerplay,125,20.833333333333332,213.16666666666669,0.0977326035965598
DP Nannes,death,203,33.833333333333336,128.33333333333331,0.26363636363636367
DP Nannes,middle,109,18.166666666666668,128.33333333333331,0.14155844155844158
DP Nannes,powerplay,458,76.33333333333333,128.33333333333331,0.5948051948051949
DR Sams,death,118,19.666666666666668,83.66666666666667,0.2350597609561753
DR Sams,middle,150,25.0,83.66666666666667,0.298804780876494
DR Sams,powerplay,234,39.0,83.66666666666667,0.46613545816733065
DR Smith,death,95,15.833333333333334,98.83333333333333,0.16020236087689715
DR Smith,middle,437,72.83333333333333,98.83333333333333,0.7369308600337268
DR Smith,powerplay,61,10.166666666666666,98.83333333333333,0.10286677908937605
DS Kulkarni,death,304,50.666666666666664,276.3333333333333,0.1833534378769602
DS Kulkarni,middle,402,67.0,276.3333333333333,0.24246079613992763
DS Kulkarni,powerplay,952,158.66666666666666,276.3333333333333,0.5741857659831122
DT Christian,death,249,41.5,167.16666666666666,0.2482552342971087
DT Christian,middle,555,92.5,167.16666666666666,0.5533399800598205
DT Christian,powerplay,199,33.166666666666664,167.16666666666666,0.1984047856430708
DW Steyn,death,766,127.66666666666667,433.0,0.29484218629715164
DW Steyn,middle,500,83.33333333333333,433.0,0.1924557351809084
DW Steyn,powerplay,1332,222.0,433.0,0.5127020785219399
E Malinga,death,148,24.666666666666668,82.66666666666667,0.29838709677419356
E Malinga,middle,200,33.333333333333336,82.66666666666667,0.40322580645161293
E Malinga,powerplay,148,24.666666666666668,82.66666666666667,0.29838709677419356
F Behardien,death,5,0.8333333333333334,3.8333333333333335,0.21739130434782608
F Behardien,middle,18,3.0,3.8333333333333335,0.7826086956521738
F du Plessis,death,2,0.3333333333333333,1.6666666666666665,0.2
F du Plessis,middle,8,1.3333333333333333,1.6666666666666665,0.8
FA Allen,death,52,8.666666666666666,91.16666666666666,0.09506398537477148
FA Allen,middle,360,60.0,91.16666666666666,0.6581352833638027
FA Allen,powerplay,135,22.5,91.16666666666666,0.246800731261426
FH Edwards,death,117,19.5,78.33333333333333,0.24893617021276598
FH Edwards,middle,88,14.666666666666666,78.33333333333333,0.18723404255319148
FH Edwards,powerplay,265,44.166666666666664,78.33333333333333,0.5638297872340425
G Coetzee,death,156,26.0,79.16666666666667,0.32842105263157895
G Coetzee,middle,147,24.5,79.16666666666667,0.3094736842105263
G Coetzee,powerplay,172,28.666666666666668,79.16666666666667,0.3621052631578947
GB Hogg,death,113,18.833333333333332,105.16666666666666,0.17908082408874804
GB Hogg,middle,464,77.33333333333333,105.16666666666666,0.7353407290015848
GB Hogg,powerplay,54,9.0,105.16666666666666,0.0855784469096672
GC Smith,death,6,1.0,3.8333333333333335,0.2608695652173913
GC Smith,middle,17,2.8333333333333335,3.8333333333333335,0.7391304347826088
GD McGrath,death,67,11.166666666666666,42.666666666666664,0.26171875
GD McGrath,middle,19,3.1666666666666665,42.666666666666664,0.07421875
GD McGrath,powerplay,170,28.333333333333332,42.666666666666664,0.6640625
GD Phillips,death,23,3.8333333333333335,27.499999999999996,0.13939393939393943
GD Phillips,middle,134,22.333333333333332,27.499999999999996,0.8121212121212121
GD Phillips,powerplay,8,1.3333333333333333,27.499999999999996,0.04848484848484849
GF Linde,death,10,1.6666666666666667,54.83333333333333,0.030395136778115506
GF Linde,middle,235,39.166666666666664,54.83333333333333,0.7142857142857143
GF Linde,powerplay,84,14.0,54.83333333333333,0.25531914893617025
GHS Garton,death,24,4.0,18.0,0.2222222222222222
GHS Garton,middle,17,2.8333333333333335,18.0,0.1574074074074074
GHS Garton,powerplay,67,11.166666666666666,18.0,0.6203703703703703
GJ Maxwell,death,107,17.833333333333332,295.6666666666667,0.06031567080045095
GJ Maxwell,middle,1247,207.83333333333334,295.6666666666667,0.7029312288613303
GJ Maxwell,powerplay,420,70.0,295.6666666666667,0.2367531003382187
H Klaasen,middle,6,1.0,1.0,1.0
HF Gurney,death,77,12.833333333333334,32.833333333333336,0.39086294416243655
HF Gurney,middle,42,7.0,32.833333333333336,0.21319796954314718
HF Gurney,powerplay,78,13.0,32.833333333333336,0.3959390862944162
HH Pandya,death,530,88.33333333333333,514.8333333333334,0.17157656199417284
HH Pandya,middle,1801,300.1666666666667,514.8333333333334,0.5830365814179346
HH Pandya,powerplay,758,126.33333333333333,514.8333333333334,0.2453868565878925
HV Patel,death,963,160.5,459.33333333333337,0.3494194484760522
HV Patel,middle,1382,230.33333333333334,459.33333333333337,0.5014513788098693
HV Patel,powerplay,411,68.5,459.33333333333337,0.14912917271407836
Harbhajan Singh,death,327,54.5,605.6666666666667,0.0899834892680242
Harbhajan Singh,middle,2506,417.6666666666667,605.6666666666667,0.6895982388552558
Harbhajan Singh,powerplay,801,133.5,605.6666666666667,0.22041827187671983
Harpreet Brar,death,50,8.333333333333334,135.16666666666666,0.06165228113440198
Harpreet Brar,middle,608,101.33333333333333,135.16666666666666,0.749691738594328
Harpreet Brar,powerplay,153,25.5,135.16666666666666,0.18865598027127006
Harshit Rana,death,171,28.5,121.0,0.23553719008264462
Harshit Rana,middle,209,34.833333333333336,121.0,0.2878787878787879
Harshit Rana,powerplay,346,57.666666666666664,121.0,0.4765840220385675
I Sharma,death,486,81.0,403.3333333333333,0.20082644628099175
I Sharma,middle,452,75.33333333333333,403.3333333333333,0.18677685950413223
I Sharma,powerplay,1482,247.0,403.3333333333333,0.6123966942148761
I Udana,death,197,32.833333333333336,101.33333333333334,0.32401315789473684
I Udana,middle,218,36.333333333333336,101.33333333333334,0.35855263157894735
I Udana,powerplay,193,32.166666666666664,101.33333333333334,0.31743421052631576
IK Pathan,death,479,79.83333333333333,355.0,0.2248826291079812
IK Pathan,middle,736,122.66666666666667,355.0,0.3455399061032864
IK Pathan,powerplay,915,152.5,355.0,0.4295774647887324
IS Sodhi,death,228,38.0,279.0,0.13620071684587814
IS Sodhi,middle,1376,229.33333333333334,279.0,0.8219832735961768
IS Sodhi,powerplay,70,11.666666666666666,279.0,0.04181600955794504
Imran Tahir,death,376,62.666666666666664,308.8333333333333,0.20291419320021586
Imran Tahir,middle,1393,232.16666666666666,308.8333333333333,0.751753912574204
Imran Tahir,powerplay,84,14.0,308.8333333333333,0.04533189422558014
Ishan Kishan,death,1,0.16666666666666666,0.16666666666666666,1.0
J Botha,death,166,27.666666666666668,198.5,0.13937867338371118
J Botha,middle,824,137.33333333333334,198.5,0.6918555835432411
J Botha,powerplay,201,33.5,198.5,0.16876574307304787
J Little,death,139,23.166666666666668,99.16666666666667,0.23361344537815126
J Little,middle,222,37.0,99.16666666666667,0.373109243697479
J Little,powerplay,234,39.0,99.16666666666667,0.39327731092436974
J Overton,death,108,18.0,62.5,0.288
J Overton,middle,198,33.0,62.5,0.528
J Overton,powerplay,69,11.5,62.5,0.184
J Theron,death,139,23.166666666666668,52.16666666666667,0.4440894568690096
J Theron,middle,97,16.166666666666668,52.16666666666667,0.30990415335463256
J Theron,powerplay,77,12.833333333333334,52.16666666666667,0.2460063897763578
JA Duffy,death,138,23.0,94.33333333333333,0.24381625441696114
JA Duffy,middle,113,18.833333333333332,94.33333333333333,0.19964664310954064
JA Duffy,powerplay,315,52.5,94.33333333333333,0.5565371024734983
JA Morkel,death,345,57.5,321.6666666666667,0.17875647668393782
JA Morkel,middle,679,113.16666666666667,321.6666666666667,0.3518134715025907
JA Morkel,powerplay,906,151.0,321.6666666666667,0.46943005181347147
JA Richardson,death,99,16.5,53.16666666666667,0.31034482758620685
JA Richardson,middle,87,14.5,53.16666666666667,0.2727272727272727
JA Richardson,powerplay,133,22.166666666666668,53.16666666666667,0.4169278996865204
JC Archer,death,690,115.0,352.33333333333337,0.3263954588457899
JC Archer,middle,353,58.833333333333336,352.33333333333337,0.16698202459791864
JC Archer,powerplay,1071,178.5,352.33333333333337,0.5066225165562913
JD Ryder,death,40,6.666666666666667,44.666666666666664,0.1492537313432836
JD Ryder,middle,224,37.333333333333336,44.666666666666664,0.8358208955223881
JD Ryder,powerplay,4,0.6666666666666666,44.666666666666664,0.014925373134328358
JD Unadkat,death,623,103.83333333333333,374.3333333333333,0.2773820124666073
JD Unadkat,middle,800,133.33333333333334,374.3333333333333,0.35618878005342836
JD Unadkat,powerplay,823,137.16666666666666,374.3333333333333,0.3664292074799644
JDP Oram,death,143,23.833333333333332,89.0,0.26779026217228463
JDP Oram,middle,209,34.833333333333336,89.0,0.3913857677902622
JDP Oram,powerplay,182,30.333333333333332,89.0,0.3408239700374532
JDS Neesham,death,138,23.0,107.66666666666667,0.21362229102167182
JDS Neesham,middle,430,71.66666666666667,107.66666666666667,0.6656346749226006
JDS Neesham,powerplay,78,13.0,107.66666666666667,0.12074303405572755
JE Root,middle,64,10.666666666666666,13.5,0.7901234567901234
JE Root,powerplay,17,2.8333333333333335,13.5,0.20987654320987656
JE Taylor,death,176,29.333333333333332,92.33333333333333,0.3176895306859206
JE Taylor,middle,60,10.0,92.33333333333333,0.10830324909747292
JE Taylor,powerplay,318,53.0,92.33333333333333,0.5740072202166066
JEC Franklin,death,63,10.5,56.83333333333333,0.18475073313782991
JEC Franklin,middle,205,34.166666666666664,56.83333333333333,0.6011730205278593
JEC Franklin,powerplay,73,12.166666666666666,56.83333333333333,0.21407624633431085
JG Bethell,death,13,2.1666666666666665,12.0,0.18055555555555555
JG Bethell,middle,59,9.833333333333334,12.0,0.8194444444444445
JH Kallis,death,332,55.333333333333336,290.83333333333337,0.19025787965616045
JH Kallis,middle,903,150.5,290.83333333333337,0.5174785100286532
JH Kallis,powerplay,510,85.0,290.83333333333337,0.2922636103151862
JJ Bumrah,death,1775,295.8333333333333,759.1666666666666,0.38968166849615804
JJ Bumrah,middle,1052,175.33333333333334,759.1666666666666,0.23095499451152582
JJ Bumrah,powerplay,1728,288.0,759.1666666666666,0.37936333699231617
JJ van der Wath,death,77,12.833333333333334,28.166666666666668,0.4556213017751479
JJ van der Wath,middle,48,8.0,28.166666666666668,0.28402366863905326
JJ van der Wath,powerplay,44,7.333333333333333,28.166666666666668,0.2603550295857988
JL Denly,death,11,1.8333333333333333,8.166666666666666,0.22448979591836735
JL Denly,middle,35,5.833333333333333,8.166666666666666,0.7142857142857143
JL Denly,powerplay,3,0.5,8.166666666666666,0.06122448979591837
JL Pattinson,death,43,7.166666666666667,44.83333333333333,0.15985130111524165
JL Pattinson,middle,107,17.833333333333332,44.83333333333333,0.39776951672862454
JL Pattinson,powerplay,119,19.833333333333332,44.83333333333333,0.44237918215613387
JM Kemp,death,1,0.16666666666666666,5.333333333333334,0.031249999999999997
JM Kemp,middle,31,5.166666666666667,5.333333333333334,0.96875
JO Holder,death,707,117.83333333333333,415.66666666666663,0.28348035284683243
JO Holder,middle,939,156.5,415.66666666666663,0.3765036086607859
JO Holder,powerplay,848,141.33333333333334,415.66666666666663,0.34001603849238177
JP Behrendorff,death,107,17.833333333333332,102.5,0.17398373983739837
JP Behrendorff,middle,118,19.666666666666668,102.5,0.19186991869918701
JP Behrendorff,powerplay,390,65.0,102.5,0.6341463414634146
JP Duminy,death,71,11.833333333333334,166.83333333333334,0.07092907092907093
JP Duminy,middle,721,120.16666666666667,166.83333333333334,0.7202797202797203
JP Duminy,powerplay,209,34.833333333333336,166.83333333333334,0.2087912087912088
JP Faulkner,death,614,102.33333333333333,252.5,0.4052805280528053
JP Faulkner,middle,499,83.16666666666667,252.5,0.3293729372937294
JP Faulkner,powerplay,402,67.0,252.5,0.26534653465346536
JR Hazlewood,death,499,83.16666666666667,328.0,0.25355691056910573
JR Hazlewood,middle,368,61.333333333333336,328.0,0.1869918699186992
JR Hazlewood,powerplay,1101,183.5,328.0,0.5594512195121951
JR Hopes,death,107,17.833333333333332,78.83333333333333,0.226215644820296
JR Hopes,middle,348,58.0,78.83333333333333,0.7357293868921776
JR Hopes,powerplay,18,3.0,78.83333333333333,0.03805496828752643
JW Hastings,death,53,8.833333333333334,35.0,0.2523809523809524
JW Hastings,middle,63,10.5,35.0,0.3
JW Hastings,powerplay,94,15.666666666666666,35.0,0.4476190476190476
Joginder Sharma,death,63,10.5,50.833333333333336,0.2065573770491803
Joginder Sharma,middle,218,36.333333333333336,50.833333333333336,0.7147540983606557
Joginder Sharma,powerplay,24,4.0,50.833333333333336,0.07868852459016393
K Rabada,death,963,160.5,562.5,0.2853333333333333
K Rabada,middle,745,124.16666666666667,562.5,0.22074074074074074
K Rabada,powerplay,1667,277.8333333333333,562.5,0.4939259259259259
K Santokie,death,73,12.166666666666666,36.5,0.3333333333333333
K Santokie,middle,12,2.0,36.5,0.0547945205479452
K Santokie,powerplay,134,22.333333333333332,36.5,0.6118721461187214
KA Jamieson,death,144,24.0,104.66666666666667,0.22929936305732482
KA Jamieson,middle,181,30.166666666666668,104.66666666666667,0.28821656050955413
KA Jamieson,powerplay,303,50.5,104.66666666666667,0.482484076433121
KA Maharaj,death,23,3.8333333333333335,127.83333333333333,0.029986962190352025
KA Maharaj,middle,614,102.33333333333333,127.83333333333333,0.8005215123859192
KA Maharaj,powerplay,130,21.666666666666668,127.83333333333333,0.16949152542372883
KA Pollard,death,410,68.33333333333333,328.8333333333333,0.20780537252914344
KA Pollard,middle,1520,253.33333333333334,328.8333333333333,0.7704004054738977
KA Pollard,powerplay,43,7.166666666666667,328.8333333333333,0.02179422199695895
KAJ Roach,death,62,10.333333333333334,28.666666666666668,0.3604651162790698
KAJ Roach,middle,36,6.0,28.666666666666668,0.20930232558139533
KAJ Roach,powerplay,74,12.333333333333334,28.666666666666668,0.43023255813953487
KH Pandya,death,240,40.0,473.16666666666663,0.08453680873547025
KH Pandya,middle,2042,340.3333333333333,473.16666666666663,0.7192673476576259
KH Pandya,powerplay,557,92.83333333333333,473.16666666666663,0.19619584360690384
KJ Abbott,death,170,28.333333333333332,73.33333333333334,0.3863636363636363
KJ Abbott,middle,52,8.666666666666666,73.33333333333334,0.11818181818181815
KJ Abbott,powerplay,218,36.333333333333336,73.33333333333334,0.4954545454545454
KK Ahmed,death,431,71.83333333333333,303.0,0.23707370737073705
KK Ahmed,middle,319,53.166666666666664,303.0,0.17546754675467546
KK Ahmed,powerplay,1068,178.0,303.0,0.5874587458745875
KMA Paul,death,118,19.666666666666668,65.66666666666667,0.29949238578680204
KMA Paul,middle,216,36.0,65.66666666666667,0.5482233502538071
KMA Paul,powerplay,60,10.0,65.66666666666667,0.15228426395939085
KMDN Kulasekara,death,275,45.833333333333336,137.16666666666669,0.3341433778857837
KMDN Kulasekara,middle,56,9.333333333333334,137.16666666666669,0.06804374240583232
KMDN Kulasekara,powerplay,492,82.0,137.16666666666669,0.5978128797083839
KP Pietersen,death,30,5.0,32.5,0.15384615384615385
KP Pietersen,middle,147,24.5,32.5,0.7538461538461538
KP Pietersen,powerplay,18,3.0,32.5,0.09230769230769231
KR Mayers,middle,12,2.0,16.833333333333336,0.11881188118811879
KR Mayers,powerplay,89,14.833333333333334,16.833333333333336,0.8811881188118811
KS Williamson,death,10,1.6666666666666667,11.666666666666666,0.14285714285714288
KS Williamson,middle,54,9.0,11.666666666666666,0.7714285714285715
KS Williamson,powerplay,6,1.0,11.666666666666666,0.08571428571428572
KT Maphaka,death,55,9.166666666666666,48.166666666666664,0.1903114186851211
KT Maphaka,middle,131,21.833333333333332,48.166666666666664,0.4532871972318339
KT Maphaka,powerplay,103,17.166666666666668,48.166666666666664,0.356401384083045
KV Sharma,death,112,18.666666666666668,247.66666666666666,0.07537012113055183
KV Sharma,middle,1221,203.5,247.66666666666666,0.8216689098250337
KV Sharma,powerplay,153,25.5,247.66666666666666,0.10296096904441454
KW Richardson,death,299,49.833333333333336,142.66666666666666,0.3492990654205608
KW Richardson,middle,196,32.666666666666664,142.66666666666666,0.22897196261682243
KW Richardson,powerplay,361,60.166666666666664,142.66666666666666,0.4217289719626168
Kuldeep Yadav,death,398,66.33333333333333,473.0,0.14023960535588442
Kuldeep Yadav,middle,2361,393.5,473.0,0.8319238900634249
Kuldeep Yadav,powerplay,79,13.166666666666666,473.0,0.027836504580690626
L Balaji,death,437,72.83333333333333,228.33333333333331,0.318978102189781
L Balaji,middle,526,87.66666666666667,228.33333333333331,0.3839416058394161
L Balaji,powerplay,407,67.83333333333333,228.33333333333331,0.29708029197080293
L Ngidi,death,466,77.66666666666667,229.33333333333334,0.3386627906976744
L Ngidi,middle,319,53.166666666666664,229.33333333333334,0.23183139534883718
L Ngidi,powerplay,591,98.5,229.33333333333334,0.42950581395348836
L Wood,death,44,7.333333333333333,31.166666666666668,0.2352941176470588
L Wood,middle,7,1.1666666666666667,31.166666666666668,0.03743315508021391
L Wood,powerplay,136,22.666666666666668,31.166666666666668,0.7272727272727273
LB Williams,death,37,6.166666666666667,30.0,0.20555555555555557
LB Williams,middle,54,9.0,30.0,0.3
LB Williams,powerplay,89,14.833333333333334,30.0,0.49444444444444446
LE Plunkett,death,101,16.833333333333332,81.83333333333333,0.20570264765784113
LE Plunkett,middle,246,41.0,81.83333333333333,0.5010183299389003
LE Plunkett,powerplay,144,24.0,81.83333333333333,0.29327902240325865
LH Ferguson,death,493,82.16666666666667,273.0,0.300976800976801
LH Ferguson,middle,608,101.33333333333333,273.0,0.37118437118437114
LH Ferguson,powerplay,537,89.5,273.0,0.32783882783882784
LJ Wright,death,71,11.833333333333334,51.833333333333336,0.2282958199356913
LJ Wright,middle,219,36.5,51.833333333333336,0.7041800643086816
LJ Wright,powerplay,21,3.5,51.833333333333336,0.067524115755627
LMP Simmons,death,17,2.8333333333333335,10.0,0.2833333333333333
LMP Simmons,middle,42,7.0,10.0,0.7
LMP Simmons,powerplay,1,0.16666666666666666,10.0,0.016666666666666666
LPC Silva,death,2,0.3333333333333333,0.3333333333333333,1.0
LRPL Taylor,middle,12,2.0,2.0,1.0
LS Livingstone,death,87,14.5,121.33333333333333,0.11950549450549451
LS Livingstone,middle,612,102.0,121.33333333333333,0.8406593406593407
LS Livingstone,powerplay,29,4.833333333333333,121.33333333333333,0.03983516483516483
M Jansen,death,269,44.833333333333336,230.33333333333334,0.19464544138929088
M Jansen,middle,386,64.33333333333333,230.33333333333334,0.27930535455861066
M Jansen,powerplay,727,121.16666666666667,230.33333333333334,0.5260492040520984
M Kartik,death,124,20.666666666666668,175.16666666666666,0.11798287345385348
M Kartik,middle,769,128.16666666666666,175.16666666666666,0.7316841103710752
M Kartik,powerplay,158,26.333333333333332,175.16666666666666,0.15033301617507136
M Manhas,death,6,1.0,7.0,0.14285714285714285
M Manhas,middle,36,6.0,7.0,0.8571428571428571
M Markande,death,99,16.5,120.83333333333333,0.13655172413793104
M Markande,middle,626,104.33333333333333,120.83333333333333,0.863448275862069
M Morkel,death,537,89.5,346.6666666666667,0.2581730769230769
M Morkel,middle,497,82.83333333333333,346.6666666666667,0.23894230769230768
M Morkel,powerplay,1046,174.33333333333334,346.6666666666667,0.5028846153846154
M Muralitharan,death,254,42.333333333333336,261.6666666666667,0.16178343949044585
M Muralitharan,middle,1163,193.83333333333334,261.6666666666667,0.740764331210191
M Muralitharan,powerplay,153,25.5,261.6666666666667,0.09745222929936305
M Ntini,death,47,7.833333333333333,50.666666666666664,0.15460526315789475
M Ntini,middle,46,7.666666666666667,50.666666666666664,0.15131578947368424
M Ntini,powerplay,211,35.166666666666664,50.666666666666664,0.694078947368421
M Pathirana,death,418,69.66666666666667,143.0,0.4871794871794872
M Pathirana,middle,395,65.83333333333333,143.0,0.4603729603729603
M Pathirana,powerplay,45,7.5,143.0,0.05244755244755245
M Prasidh Krishna,death,538,89.66666666666667,277.1666666666667,0.32351172579675286
M Prasidh Krishna,middle,521,86.83333333333333,277.1666666666667,0.31328923631990374
M Prasidh Krishna,powerplay,604,100.66666666666667,277.1666666666667,0.36319903788334335
M Shahrukh Khan,death,2,0.3333333333333333,2.3333333333333335,0.14285714285714285
M Shahrukh Khan,middle,12,2.0,2.3333333333333335,0.8571428571428571
M Theekshana,death,306,51.0,276.3333333333333,0.1845597104945718
M Theekshana,middle,711,118.5,276.3333333333333,0.4288299155609168
M Theekshana,powerplay,641,106.83333333333333,276.3333333333333,0.3866103739445115
M Vijay,middle,30,5.0,6.0,0.8333333333333334
M Vijay,powerplay,6,1.0,6.0,0.16666666666666666
M de Lange,death,64,10.666666666666666,39.333333333333336,0.27118644067796605
M de Lange,middle,54,9.0,39.333333333333336,0.22881355932203387
M de Lange,powerplay,118,19.666666666666668,39.333333333333336,0.5
MA Starc,death,590,98.33333333333333,342.16666666666663,0.28738431563565514
MA Starc,middle,362,60.333333333333336,342.16666666666663,0.17632732586458844
MA Starc,powerplay,1101,183.5,342.16666666666663,0.5362883584997565
MA Wood,death,191,31.833333333333332,114.0,0.27923976608187134
MA Wood,middle,266,44.333333333333336,114.0,0.3888888888888889
MA Wood,powerplay,227,37.833333333333336,114.0,0.33187134502923976
MC Henriques,death,97,16.166666666666668,159.83333333333334,0.10114702815432743
MC Henriques,middle,680,113.33333333333333,159.83333333333334,0.7090719499478623
MC Henriques,powerplay,182,30.333333333333332,159.83333333333334,0.1897810218978102
MD Shanaka,death,133,22.166666666666668,81.0,0.27366255144032925
MD Shanaka,middle,300,50.0,81.0,0.6172839506172839
MD Shanaka,powerplay,53,8.833333333333334,81.0,0.10905349794238683
MEK Hussey,middle,6,1.0,1.0,1.0
MF Maharoof,death,88,14.666666666666666,78.0,0.18803418803418803
MF Maharoof,middle,172,28.666666666666668,78.0,0.36752136752136755
MF Maharoof,powerplay,208,34.666666666666664,78.0,0.4444444444444444
MG Bracewell,death,21,3.5,52.66666666666667,0.06645569620253164
MG Bracewell,middle,227,37.833333333333336,52.66666666666667,0.7183544303797468
MG Bracewell,powerplay,68,11.333333333333334,52.66666666666667,0.2151898734177215
MG Johnson,death,347,57.833333333333336,267.33333333333337,0.21633416458852867
MG Johnson,middle,542,90.33333333333333,267.33333333333337,0.3379052369077306
MG Johnson,powerplay,715,119.16666666666667,267.33333333333337,0.4457605985037406
MJ Clarke,death,24,4.0,27.166666666666668,0.14723926380368096
MJ Clarke,middle,139,23.166666666666668,27.166666666666668,0.852760736196319
MJ Guptill,death,6,1.0,1.0,1.0
MJ Henry,death,109,18.166666666666668,98.0,0.18537414965986396
MJ Henry,middle,111,18.5,98.0,0.18877551020408162
MJ Henry,powerplay,368,61.333333333333336,98.0,0.6258503401360545
MJ McClenaghan,death,434,72.33333333333333,273.33333333333337,0.26463414634146337
MJ McClenaghan,middle,349,58.166666666666664,273.33333333333337,0.21280487804878045
MJ McClenaghan,powerplay,857,142.83333333333334,273.33333333333337,0.522560975609756
MJ Owen,death,7,1.1666666666666667,3.333333333333333,0.35000000000000003
MJ Owen,middle,13,2.1666666666666665,3.333333333333333,0.65
MJ Santner,death,207,34.5,374.5,0.09212283044058744
MJ Santner,middle,1574,262.3333333333333,374.5,0.7004895416110369
MJ Santner,powerplay,466,77.66666666666667,374.5,0.20738762794837562
MK Tiwary,death,10,1.6666666666666667,6.666666666666667,0.25
MK Tiwary,middle,30,5.0,6.666666666666667,0.75
MM Ali,death,101,16.833333333333332,234.66666666666666,0.07173295454545454
MM Ali,middle,1051,175.16666666666666,234.66666666666666,0.7464488636363636
MM Ali,powerplay,256,42.666666666666664,234.66666666666666,0.18181818181818182
MM Patel,death,262,43.666666666666664,202.83333333333334,0.2152834839769926
MM Patel,middle,384,64.0,202.83333333333334,0.3155299917830731
MM Patel,powerplay,571,95.16666666666667,202.83333333333334,0.4691865242399343
MM Sharma,death,728,121.33333333333333,384.8333333333333,0.3152880034647033
MM Sharma,middle,714,119.0,384.8333333333333,0.3092247726288437
MM Sharma,powerplay,867,144.5,384.8333333333333,0.375487223906453
MN Samuels,death,129,21.5,89.66666666666666,0.23977695167286248
MN Samuels,middle,289,48.166666666666664,89.66666666666666,0.5371747211895911
MN Samuels,powerplay,120,20.0,89.66666666666666,0.2230483271375465
MP Stoinis,death,308,51.333333333333336,243.5,0.2108145106091718
MP Stoinis,middle,882,147.0,243.5,0.6036960985626283
MP Stoinis,powerplay,271,45.166666666666664,243.5,0.18548939082819985
MP Yadav,death,34,5.666666666666667,28.5,0.19883040935672516
MP Yadav,middle,91,15.166666666666666,28.5,0.5321637426900585
MP Yadav,powerplay,46,7.666666666666667,28.5,0.26900584795321636
MR Marsh,death,145,24.166666666666668,121.83333333333334,0.19835841313269492
MR Marsh,middle,486,81.0,121.83333333333334,0.6648426812585498
MR Marsh,powerplay,100,16.666666666666668,121.83333333333334,0.13679890560875513
MW Short,death,11,1.8333333333333333,14.5,0.1264367816091954
MW Short,middle,38,6.333333333333333,14.5,0.43678160919540227
MW Short,powerplay,38,6.333333333333333,14.5,0.43678160919540227
Mandeep Singh,middle,12,2.0,2.0,1.0
Mashrafe Mortaza,death,95,15.833333333333334,98.0,0.16156462585034015
Mashrafe Mortaza,middle,216,36.0,98.0,0.3673469387755102
Mashrafe Mortaza,powerplay,277,46.166666666666664,98.0,0.47108843537414963
Mohammad Ashraful,death,18,3.0,15.833333333333334,0.18947368421052632
Mohammad Ashraful,middle,77,12.833333333333334,15.833333333333334,0.8105263157894737
Mohammad Asif,death,77,12.833333333333334,51.333333333333336,0.25
Mohammad Asif,middle,59,9.833333333333334,51.333333333333336,0.19155844155844157
Mohammad Asif,powerplay,172,28.666666666666668,51.333333333333336,0.5584415584415584
Mohammad Hafeez,death,48,8.0,154.0,0.05194805194805195
Mohammad Hafeez,middle,649,108.16666666666667,154.0,0.7023809523809524
Mohammad Hafeez,powerplay,227,37.833333333333336,154.0,0.24567099567099568
Mohammed Shami,death,759,126.5,506.5,0.24975320829220138
Mohammed Shami,middle,574,95.66666666666667,506.5,0.18887792036854228
Mohammed Shami,powerplay,1706,284.3333333333333,506.5,0.5613688713392563
Mohammed Siraj,death,751,125.16666666666667,444.33333333333337,0.28169542385596397
Mohammed Siraj,middle,505,84.16666666666667,444.33333333333337,0.18942235558889722
Mohammed Siraj,powerplay,1410,235.0,444.33333333333337,0.5288822205551388
Mukesh Kumar,death,349,58.166666666666664,158.33333333333334,0.36736842105263157
Mukesh Kumar,middle,221,36.833333333333336,158.33333333333334,0.2326315789473684
Mukesh Kumar,powerplay,380,63.333333333333336,158.33333333333334,0.39999999999999997
Mustafizur Rahman,death,943,157.16666666666666,419.8333333333333,0.3743549027391822
Mustafizur Rahman,middle,739,123.16666666666667,419.8333333333333,0.2933703850734419
Mustafizur Rahman,powerplay,837,139.5,419.8333333333333,0.332274712187376
N Burger,death,74,12.333333333333334,63.5,0.1942257217847769
N Burger,middle,92,15.333333333333334,63.5,0.24146981627296588
N Burger,powerplay,215,35.833333333333336,63.5,0.5643044619422573
N Rana,death,17,2.8333333333333335,33.5,0.0845771144278607
N Rana,middle,147,24.5,33.5,0.7313432835820896
N Rana,powerplay,37,6.166666666666667,33.5,0.18407960199004977
N Thushara,death,109,18.166666666666668,59.5,0.30532212885154064
N Thushara,middle,48,8.0,59.5,0.13445378151260504
N Thushara,powerplay,200,33.333333333333336,59.5,0.5602240896358543
NL McCullum,death,74,12.333333333333334,119.83333333333333,0.10292072322670376
NL McCullum,middle,521,86.83333333333333,119.83333333333333,0.7246175243393602
NL McCullum,powerplay,124,20.666666666666668,119.83333333333333,0.17246175243393605
NLTC Perera,death,391,65.16666666666667,228.5,0.2851932895696572
NLTC Perera,middle,688,114.66666666666667,228.5,0.5018234865061999
NLTC Perera,powerplay,292,48.666666666666664,228.5,0.21298322392414296
NM Coulter-Nile,death,327,54.5,205.33333333333331,0.26542207792207795
NM Coulter-Nile,middle,363,60.5,205.33333333333331,0.29464285714285715
NM Coulter-Nile,powerplay,542,90.33333333333333,205.33333333333331,0.43993506493506496
NT Ellis,death,310,51.666666666666664,135.83333333333334,0.38036809815950917
NT Ellis,middle,272,45.333333333333336,135.83333333333334,0.3337423312883436
NT Ellis,powerplay,233,38.833333333333336,135.83333333333334,0.28588957055214725
Navdeep Saini,death,216,36.0,133.16666666666666,0.27033792240300375
Navdeep Saini,middle,244,40.666666666666664,133.16666666666666,0.3053817271589487
Navdeep Saini,powerplay,339,56.5,133.16666666666666,0.42428035043804757
Nithish Kumar Reddy,death,37,6.166666666666667,50.66666666666667,0.12171052631578946
Nithish Kumar Reddy,middle,175,29.166666666666668,50.66666666666667,0.575657894736842
Nithish Kumar Reddy,powerplay,92,15.333333333333334,50.66666666666667,0.3026315789473684
Noor Ahmad,death,133,22.166666666666668,161.33333333333331,0.13739669421487605
Noor Ahmad,middle,778,129.66666666666666,161.33333333333331,0.8037190082644629
Noor Ahmad,powerplay,57,9.5,161.33333333333331,0.05888429752066116
O Thomas,death,43,7.166666666666667,61.66666666666667,0.11621621621621621
O Thomas,middle,91,15.166666666666666,61.66666666666667,0.2459459459459459
O Thomas,powerplay,236,39.333333333333336,61.66666666666667,0.6378378378378379
OC McCoy,death,250,41.666666666666664,112.66666666666666,0.3698224852071006
OC McCoy,middle,209,34.833333333333336,112.66666666666666,0.3091715976331361
OC McCoy,powerplay,217,36.166666666666664,112.66666666666666,0.32100591715976334
OF Smith,death,94,15.666666666666666,56.0,0.27976190476190477
OF Smith,middle,182,30.333333333333332,56.0,0.5416666666666666
OF Smith,powerplay,60,10.0,56.0,0.17857142857142858
P Awana,death,175,29.166666666666668,121.16666666666667,0.2407152682255846
P Awana,middle,273,45.5,121.16666666666667,0.37551581843191195
P Awana,powerplay,279,46.5,121.16666666666667,0.3837689133425034
P Kumar,death,531,88.5,398.1666666666667,0.22226873168689829
P Kumar,middle,386,64.33333333333333,398.1666666666667,0.1615738802846379
P Kumar,powerplay,1472,245.33333333333334,398.1666666666667,0.6161573880284638
P Negi,death,80,13.333333333333334,116.66666666666666,0.1142857142857143
P Negi,middle,578,96.33333333333333,116.66666666666666,0.8257142857142857
P Negi,powerplay,42,7.0,116.66666666666666,0.060000000000000005
PD Collingwood,death,40,6.666666666666667,36.833333333333336,0.18099547511312217
PD Collingwood,middle,175,29.166666666666668,36.833333333333336,0.7918552036199095
PD Collingwood,powerplay,6,1.0,36.833333333333336,0.027149321266968323
PHKD Mendis,death,6,1.0,22.833333333333332,0.043795620437956206
PHKD Mendis,middle,131,21.833333333333332,22.833333333333332,0.9562043795620437
PJ Cummins,death,750,125.0,414.66666666666663,0.3014469453376206
PJ Cummins,middle,726,121.0,414.66666666666663,0.29180064308681675
PJ Cummins,powerplay,1012,168.66666666666666,414.66666666666663,0.4067524115755627
PP Chawla,death,417,69.5,605.8333333333333,0.11471801925722147
PP Chawla,middle,2804,467.3333333333333,605.8333333333333,0.7713892709766162
PP Chawla,powerplay,414,69.0,605.8333333333333,0.11389270976616232
PP Ojha,death,269,44.833333333333336,299.0,0.14994425863991082
PP Ojha,middle,1302,217.0,299.0,0.725752508361204
PP Ojha,powerplay,223,37.166666666666664,299.0,0.12430323299888517
PVD Chameera,death,424,70.66666666666667,231.16666666666669,0.3056957462148522
PVD Chameera,middle,399,66.5,231.16666666666669,0.2876712328767123
PVD Chameera,powerplay,564,94.0,231.16666666666669,0.40663302090843545
PWA Mulder,death,24,4.0,8.666666666666668,0.46153846153846145
PWA Mulder,middle,28,4.666666666666667,8.666666666666668,0.5384615384615384
PWH de Silva,death,291,48.5,313.5,0.1547049441786284
PWH de Silva,middle,1425,237.5,313.5,0.7575757575757576
PWH de Silva,powerplay,165,27.5,313.5,0.08771929824561403
Parvez Rasool,death,6,1.0,35.333333333333336,0.028301886792452827
Parvez Rasool,middle,135,22.5,35.333333333333336,0.6367924528301886
Parvez Rasool,powerplay,71,11.833333333333334,35.333333333333336,0.33490566037735847
R Ashwin,death,674,112.33333333333333,878.5000000000001,0.12786947448302027
R Ashwin,middle,3203,533.8333333333334,878.5000000000001,0.6076645797761335
R Ashwin,powerplay,1394,232.33333333333334,878.5000000000001,0.26446594574084614
R Bhatia,death,198,33.0,245.66666666666666,0.13432835820895522
R Bhatia,middle,1264,210.66666666666666,245.66666666666666,0.8575305291723202
R Bhatia,powerplay,12,2.0,245.66666666666666,0.00814111261872456
R Dhawan,death,77,12.833333333333334,103.66666666666666,0.12379421221864953
R Dhawan,middle,399,66.5,103.66666666666666,0.6414790996784566
R Dhawan,powerplay,146,24.333333333333332,103.66666666666666,0.2347266881028939
R McLaren,death,118,19.666666666666668,76.16666666666667,0.25820568927789933
R McLaren,middle,170,28.333333333333332,76.16666666666667,0.3719912472647702
R McLaren,powerplay,169,28.166666666666668,76.16666666666667,0.3698030634573304
R Parag,death,21,3.5,55.333333333333336,0.06325301204819277
R Parag,middle,302,50.333333333333336,55.333333333333336,0.9096385542168675
R Parag,powerplay,9,1.5,55.333333333333336,0.02710843373493976
R Powell,death,26,4.333333333333333,17.166666666666668,0.25242718446601936
R Powell,middle,77,12.833333333333334,17.166666666666668,0.7475728155339806
R Rampaul,death,127,21.166666666666668,98.5,0.2148900169204738
R Rampaul,middle,129,21.5,98.5,0.2182741116751269
R Rampaul,powerplay,335,55.833333333333336,98.5,0.5668358714043994
R Ravindra,death,9,1.5,25.5,0.058823529411764705
R Ravindra,middle,140,23.333333333333332,25.5,0.9150326797385621
R Ravindra,powerplay,4,0.6666666666666666,25.5,0.0261437908496732
R Sai Kishore,death,72,12.0,68.16666666666666,0.176039119804401
R Sai Kishore,middle,319,53.166666666666664,68.16666666666666,0.7799511002444989
R Sai Kishore,powerplay,18,3.0,68.16666666666666,0.04400977995110025
R Sharma,death,143,23.833333333333332,149.66666666666666,0.15924276169265034
R Sharma,middle,674,112.33333333333333,149.66666666666666,0.7505567928730512
R Sharma,powerplay,81,13.5,149.66666666666666,0.09020044543429845
R Shepherd,death,318,53.0,186.0,0.2849462365591398
R Shepherd,middle,594,99.0,186.0,0.532258064516129
R Shepherd,powerplay,204,34.0,186.0,0.1827956989247312
R Tewatia,death,42,7.0,135.83333333333331,0.05153374233128835
R Tewatia,middle,761,126.83333333333333,135.83333333333331,0.9337423312883436
R Tewatia,powerplay,12,2.0,135.83333333333331,0.0147239263803681
R Vinay Kumar,death,615,102.5,333.5,0.3073463268365817
R Vinay Kumar,middle,640,106.66666666666667,333.5,0.31984007996002
R Vinay Kumar,powerplay,746,124.33333333333333,333.5,0.3728135932033983
RA Jadeja,death,630,105.0,802.0,0.13092269326683292
RA Jadeja,middle,3995,665.8333333333334,802.0,0.8302161263507898
RA Jadeja,powerplay,187,31.166666666666668,802.0,0.03886118038237739
RA Tripathi,middle,6,1.0,1.0,1.0
RD Chahar,death,163,27.166666666666668,280.0,0.09702380952380953
RD Chahar,middle,1445,240.83333333333334,280.0,0.8601190476190477
RD Chahar,powerplay,72,12.0,280.0,0.04285714285714286
RE van der Merwe,death,124,20.666666666666668,101.0,0.20462046204620463
RE van der Merwe,middle,440,73.33333333333333,101.0,0.726072607260726
RE van der Merwe,powerplay,42,7.0,101.0,0.06930693069306931
RG Sharma,death,53,8.833333333333334,63.66666666666667,0.1387434554973822
RG Sharma,middle,281,46.833333333333336,63.66666666666667,0.7356020942408377
RG Sharma,powerplay,48,8.0,63.66666666666667,0.1256544502617801
RJ Gleeson,death,50,8.333333333333334,23.5,0.3546099290780142
RJ Gleeson,middle,43,7.166666666666667,23.5,0.3049645390070922
RJ Gleeson,powerplay,48,8.0,23.5,0.3404255319148936
RJ Harris,death,238,39.666666666666664,130.5,0.30395913154533843
RJ Harris,middle,137,22.833333333333332,130.5,0.17496807151979565
RJ Harris,powerplay,408,68.0,130.5,0.5210727969348659
RJ Peterson,death,55,9.166666666666666,52.166666666666664,0.1757188498402556
RJ Peterson,middle,205,34.166666666666664,52.166666666666664,0.6549520766773163
RJ Peterson,powerplay,53,8.833333333333334,52.166666666666664,0.16932907348242812
RJW Topley,death,160,26.666666666666668,92.16666666666667,0.28933092224231466
RJW Topley,middle,94,15.666666666666666,92.16666666666667,0.16998191681735983
RJW Topley,powerplay,299,49.833333333333336,92.16666666666667,0.5406871609403255
RK Singh,death,7,1.1666666666666667,1.1666666666666667,1.0
RP Meredith,death,129,21.5,81.33333333333333,0.26434426229508196
RP Meredith,middle,199,33.166666666666664,81.33333333333333,0.4077868852459016
RP Meredith,powerplay,160,26.666666666666668,81.33333333333333,0.3278688524590164
RP Singh,death,499,83.16666666666667,286.83333333333337,0.28994770482277743
RP Singh,middle,241,40.166666666666664,286.83333333333337,0.14003486345148167
RP Singh,powerplay,981,163.5,286.83333333333337,0.5700174317257408
RR Sarwan,death,2,0.3333333333333333,1.1666666666666667,0.2857142857142857
RR Sarwan,middle,5,0.8333333333333334,1.1666666666666667,0.7142857142857143
RS Bopara,death,115,19.166666666666668,75.33333333333333,0.25442477876106195
RS Bopara,middle,337,56.166666666666664,75.33333333333333,0.745575221238938
RW Price,death,20,3.3333333333333335,44.0,0.07575757575757576
RW Price,middle,126,21.0,44.0,0.4772727272727273
RW Price,powerplay,118,19.666666666666668,44.0,0.446969696969697
Ramandeep Singh,death,38,6.333333333333333,11.5,0.5507246376811594
Ramandeep Singh,middle,31,5.166666666666667,11.5,0.44927536231884063
Rashid Khan,death,579,96.5,557.0,0.1732495511669659
Rashid Khan,middle,2413,402.1666666666667,557.0,0.7220227408737283
Rashid Khan,powerplay,350,58.333333333333336,557.0,0.1047277079593058
Ravi Bishnoi,death,340,56.666666666666664,366.0,0.15482695810564662
Ravi Bishnoi,middle,1637,272.8333333333333,366.0,0.7454462659380692
Ravi Bishnoi,powerplay,219,36.5,366.0,0.09972677595628415
S Aravind,death,139,23.166666666666668,123.5,0.18758434547908234
S Aravind,middle,180,30.0,123.5,0.242914979757085
S Aravind,powerplay,422,70.33333333333333,123.5,0.5695006747638326
S Badree,death,12,2.0,133.16666666666666,0.015018773466833543
S Badree,middle,254,42.333333333333336,133.16666666666666,0.31789737171464333
S Badree,powerplay,533,88.83333333333333,133.16666666666666,0.6670838548185232
S Dhawan,middle,29,4.833333333333333,7.833333333333333,0.6170212765957447
S Dhawan,powerplay,18,3.0,7.833333333333333,0.3829787234042553
S Dube,death,66,11.0,58.166666666666664,0.18911174785100288
S Dube,middle,283,47.166666666666664,58.166666666666664,0.8108882521489972
S Gopal,death,55,9.166666666666666,163.83333333333331,0.05595116988809766
S Gopal,middle,814,135.66666666666666,163.83333333333331,0.8280773143438455
S Gopal,powerplay,114,19.0,163.83333333333331,0.11597151576805698
S Joseph,death,65,10.833333333333334,44.5,0.24344569288389514
S Joseph,middle,100,16.666666666666668,44.5,0.37453183520599254
S Joseph,powerplay,102,17.0,44.5,0.38202247191011235
S Kaul,death,408,68.0,198.16666666666669,0.3431455004205214
S Kaul,middle,427,71.16666666666667,198.16666666666669,0.35912531539108494
S Kaul,powerplay,354,59.0,198.16666666666669,0.29772918418839356
S Nadeem,death,104,17.333333333333332,220.50000000000003,0.0786092214663643
S Nadeem,middle,929,154.83333333333334,220.50000000000003,0.7021919879062736
S Nadeem,powerplay,290,48.333333333333336,220.50000000000003,0.21919879062736203
S Randiv,death,26,4.333333333333333,40.166666666666664,0.1078838174273859
S Randiv,middle,202,33.666666666666664,40.166666666666664,0.8381742738589212
S Randiv,powerplay,13,2.1666666666666665,40.166666666666664,0.05394190871369295
S Sandeep Warrier,middle,33,5.5,28.166666666666668,0.1952662721893491
S Sandeep Warrier,powerplay,136,22.666666666666668,28.166666666666668,0.8047337278106509
S Sreesanth,death,151,25.166666666666668,156.0,0.16132478632478633
S Sreesanth,middle,182,30.333333333333332,156.0,0.19444444444444445
S Sreesanth,powerplay,603,100.5,156.0,0.6442307692307693
S Tyagi,death,6,1.0,29.166666666666668,0.03428571428571429
S Tyagi,middle,25,4.166666666666667,29.166666666666668,0.14285714285714285
S Tyagi,powerplay,144,24.0,29.166666666666668,0.8228571428571428
SA Abbott,death,102,17.0,66.0,0.25757575757575757
SA Abbott,middle,135,22.5,66.0,0.3409090909090909
SA Abbott,powerplay,159,26.5,66.0,0.4015151515151515
SA Yadav,death,3,0.5,1.5,0.3333333333333333
SA Yadav,powerplay,6,1.0,1.5,0.6666666666666666
SB Jakati,death,106,17.666666666666668,160.33333333333334,0.1101871101871102
SB Jakati,middle,770,128.33333333333334,160.33333333333334,0.8004158004158004
SB Jakati,powerplay,86,14.333333333333334,160.33333333333334,0.0893970893970894
SB Styris,death,82,13.666666666666666,64.16666666666666,0.212987012987013
SB Styris,middle,265,44.166666666666664,64.16666666666666,0.6883116883116884
SB Styris,powerplay,38,6.333333333333333,64.16666666666666,0.0987012987012987
SC Ganguly,death,10,1.6666666666666667,43.5,0.03831417624521073
SC Ganguly,middle,233,38.833333333333336,43.5,0.8927203065134101
SC Ganguly,powerplay,18,3.0,43.5,0.06896551724137931
SC Kuggeleijn,death,65,10.833333333333334,43.0,0.25193798449612403
SC Kuggeleijn,middle,73,12.166666666666666,43.0,0.28294573643410853
SC Kuggeleijn,powerplay,120,20.0,43.0,0.46511627906976744
SE Bond,death,110,18.333333333333332,75.33333333333333,0.24336283185840707
SE Bond,middle,74,12.333333333333334,75.33333333333333,0.16371681415929204
SE Bond,powerplay,268,44.666666666666664,75.33333333333333,0.5929203539823009
SE Rutherford,death,9,1.5,9.333333333333332,0.16071428571428573
SE Rutherford,middle,47,7.833333333333333,9.333333333333332,0.8392857142857144
SH Johnson,death,76,12.666666666666666,50.166666666666664,0.25249169435215946
SH Johnson,middle,81,13.5,50.166666666666664,0.2691029900332226
SH Johnson,powerplay,144,24.0,50.166666666666664,0.47840531561461797
SK Raina,death,172,28.666666666666668,183.66666666666666,0.1560798548094374
SK Raina,middle,865,144.16666666666666,183.66666666666666,0.7849364791288567
SK Raina,powerplay,65,10.833333333333334,183.66666666666666,0.058983666061706
SK Trivedi,death,274,45.666666666666664,216.83333333333334,0.21060722521137584
SK Trivedi,middle,932,155.33333333333334,216.83333333333334,0.7163720215219063
SK Trivedi,powerplay,95,15.833333333333334,216.83333333333334,0.0730207532667179
SK Warne,death,193,32.166666666666664,174.66666666666666,0.18416030534351144
SK Warne,middle,832,138.66666666666666,174.66666666666666,0.7938931297709924
SK Warne,powerplay,23,3.8333333333333335,174.66666666666666,0.021946564885496185
SL Malinga,death,1534,255.66666666666666,644.5,0.3966899405223687
SL Malinga,middle,825,137.5,644.5,0.21334367726920092
SL Malinga,powerplay,1508,251.33333333333334,644.5,0.38996638220843033
SM Boland,death,28,4.666666666666667,15.333333333333334,0.30434782608695654
SM Boland,middle,24,4.0,15.333333333333334,0.2608695652173913
SM Boland,powerplay,40,6.666666666666667,15.333333333333334,0.43478260869565216
SM Curran,death,587,97.83333333333333,326.0,0.3001022494887525
SM Curran,middle,543,90.5,326.0,0.2776073619631902
SM Curran,powerplay,826,137.66666666666666,326.0,0.4222903885480572
SM Harwood,death,27,4.5,17.166666666666668,0.2621359223300971
SM Harwood,middle,30,5.0,17.166666666666668,0.2912621359223301
SM Harwood,powerplay,46,7.666666666666667,17.166666666666668,0.4466019417475728
SM Pollock,death,9,1.5,57.16666666666667,0.026239067055393583
SM Pollock,middle,89,14.833333333333334,57.16666666666667,0.2594752186588921
SM Pollock,powerplay,245,40.833333333333336,57.16666666666667,0.7142857142857143
SMSM Senanayake,death,62,10.333333333333334,89.0,0.11610486891385768
SMSM Senanayake,middle,212,35.333333333333336,89.0,0.3970037453183521
SMSM Senanayake,powerplay,260,43.333333333333336,89.0,0.4868913857677903
SN Khan,death,2,0.3333333333333333,0.3333333333333333,1.0
SN Thakur,death,836,139.33333333333334,411.16666666666663,0.3388731252533442
SN Thakur,middle,796,132.66666666666666,411.16666666666663,0.3226591001216052
SN Thakur,powerplay,835,139.16666666666666,411.16666666666663,0.3384677746250507
SP Narine,death,1187,197.83333333333334,847.0,0.23356946084218813
SP Narine,middle,2761,460.1666666666667,847.0,0.5432900432900433
SP Narine,powerplay,1134,189.0,847.0,0.2231404958677686
SPD Smith,death,20,3.3333333333333335,31.0,0.10752688172043011
SPD Smith,middle,166,27.666666666666668,31.0,0.8924731182795699
SR Tendulkar,death,9,1.5,7.5,0.2
SR Tendulkar,middle,36,6.0,7.5,0.8
SR Watson,death,685,114.16666666666667,414.5,0.27543224768797747
SR Watson,middle,911,151.83333333333334,414.5,0.36630478488138324
SR Watson,powerplay,891,148.5,414.5,0.35826296743063935
SS Cottrell,death,217,36.166666666666664,132.66666666666669,0.2726130653266331
SS Cottrell,middle,125,20.833333333333332,132.66666666666669,0.15703517587939694
SS Cottrell,powerplay,454,75.66666666666667,132.66666666666669,0.5703517587939698
SS Iyer,death,8,1.3333333333333333,1.3333333333333333,1.0
SSB Magala,death,21,3.5,10.0,0.35
SSB Magala,middle,23,3.8333333333333335,10.0,0.38333333333333336
SSB Magala,powerplay,16,2.6666666666666665,10.0,0.26666666666666666
ST Jayasuriya,death,73,12.166666666666666,83.16666666666667,0.14629258517034066
ST Jayasuriya,middle,406,67.66666666666667,83.16666666666667,0.8136272545090181
ST Jayasuriya,powerplay,20,3.3333333333333335,83.16666666666667,0.04008016032064128
STR Binny,death,45,7.5,92.5,0.08108108108108109
STR Binny,middle,357,59.5,92.5,0.6432432432432432
STR Binny,powerplay,153,25.5,92.5,0.2756756756756757
SW Tait,death,195,32.5,122.5,0.2653061224489796
SW Tait,middle,166,27.666666666666668,122.5,0.22585034013605443
SW Tait,powerplay,374,62.333333333333336,122.5,0.508843537414966
Sandeep Sharma,death,723,120.5,493.66666666666663,0.24409182984469954
Sandeep Sharma,middle,611,101.83333333333333,493.66666666666663,0.20627954085077652
Sandeep Sharma,powerplay,1628,271.3333333333333,493.66666666666663,0.5496286293045239
Shahbaz Ahmed,death,43,7.166666666666667,97.33333333333333,0.07363013698630137
Shahbaz Ahmed,middle,395,65.83333333333333,97.33333333333333,0.6763698630136986
Shahbaz Ahmed,powerplay,146,24.333333333333332,97.33333333333333,0.25
Shahid Afridi,death,123,20.5,265.6666666666667,0.07716436637390213
Shahid Afridi,middle,1403,233.83333333333334,265.6666666666667,0.8801756587202008
Shahid Afridi,powerplay,68,11.333333333333334,265.6666666666667,0.04265997490589711
Shakib Al Hasan,death,411,68.5,436.1666666666667,0.15705005731753915
Shakib Al Hasan,middle,1464,244.0,436.1666666666667,0.5594191822697745
Shakib Al Hasan,powerplay,742,123.66666666666667,436.1666666666667,0.28353076041268627
Shashank Singh,death,18,3.0,14.5,0.20689655172413793
Shashank Singh,middle,69,11.5,14.5,0.7931034482758621
Shivam Mavi,death,201,33.5,116.5,0.2875536480686695
Shivam Mavi,middle,183,30.5,116.5,0.26180257510729615
Shivam Mavi,powerplay,315,52.5,116.5,0.45064377682403434
Shoaib Akhtar,death,28,4.666666666666667,36.166666666666664,0.12903225806451615
Shoaib Akhtar,middle,19,3.1666666666666665,36.166666666666664,0.08755760368663594
Shoaib Akhtar,powerplay,170,28.333333333333332,36.166666666666664,0.783410138248848
Shoaib Malik,death,36,6.0,53.0,0.11320754716981132
Shoaib Malik,middle,270,45.0,53.0,0.8490566037735849
Shoaib Malik,powerplay,12,2.0,53.0,0.03773584905660377
Sikandar Raza,death,50,8.333333333333334,97.33333333333333,0.08561643835616439
Sikandar Raza,middle,479,79.83333333333333,97.33333333333333,0.8202054794520548
Sikandar Raza,powerplay,55,9.166666666666666,97.33333333333333,0.09417808219178082
Sohail Tanvir,death,312,52.0,164.5,0.3161094224924012
Sohail Tanvir,middle,76,12.666666666666666,164.5,0.07700101317122593
Sohail Tanvir,powerplay,599,99.83333333333333,164.5,0.6068895643363729
T Henderson,death,13,2.1666666666666665,6.333333333333334,0.3421052631578947
T Henderson,middle,25,4.166666666666667,6.333333333333334,0.6578947368421052
T Natarajan,death,609,101.5,254.16666666666669,0.39934426229508196
T Natarajan,middle,531,88.5,254.16666666666669,0.3481967213114754
T Natarajan,powerplay,385,64.16666666666667,254.16666666666669,0.25245901639344265
T Shamsi,death,117,19.5,177.5,0.10985915492957747
T Shamsi,middle,929,154.83333333333334,177.5,0.8723004694835681
T Shamsi,powerplay,19,3.1666666666666665,177.5,0.01784037558685446
T Stubbs,death,12,2.0,7.5,0.26666666666666666
T Stubbs,middle,33,5.5,7.5,0.7333333333333333
T Taibu,death,6,1.0,4.0,0.25
T Taibu,middle,18,3.0,4.0,0.75
T Thushara,death,52,8.666666666666666,34.833333333333336,0.24880382775119614
T Thushara,middle,57,9.5,34.833333333333336,0.2727272727272727
T Thushara,powerplay,100,16.666666666666668,34.833333333333336,0.4784688995215311
TA Boult,death,888,148.0,567.0,0.26102292768959434
TA Boult,middle,497,82.83333333333333,567.0,0.14609053497942387
TA Boult,powerplay,2017,336.1666666666667,567.0,0.5928865373309818
TG Southee,death,887,147.83333333333334,475.5,0.310900806168945
TG Southee,middle,483,80.5,475.5,0.16929547844374343
TG Southee,powerplay,1483,247.16666666666666,475.5,0.5198037153873116
TH David,middle,2,0.3333333333333333,0.3333333333333333,1.0
TK Curran,death,256,42.666666666666664,104.16666666666666,0.4096
TK Curran,middle,174,29.0,104.16666666666666,0.27840000000000004
TK Curran,powerplay,195,32.5,104.16666666666666,0.31200000000000006
TM Dilshan,death,43,7.166666666666667,66.16666666666666,0.10831234256926954
TM Dilshan,middle,304,50.666666666666664,66.16666666666666,0.765743073047859
TM Dilshan,powerplay,50,8.333333333333334,66.16666666666666,0.12594458438287157
TM Head,death,24,4.0,13.166666666666666,0.3037974683544304
TM Head,middle,55,9.166666666666666,13.166666666666666,0.6962025316455696
TS Mills,death,162,27.0,74.33333333333333,0.36322869955156956
TS Mills,middle,150,25.0,74.33333333333333,0.336322869955157
TS Mills,powerplay,134,22.333333333333332,74.33333333333333,0.3004484304932735
TU Deshpande,death,315,52.5,168.5,0.3115727002967359
TU Deshpande,middle,211,35.166666666666664,168.5,0.20870425321463895
TU Deshpande,powerplay,485,80.83333333333333,168.5,0.47972304648862507
Tilak Varma,death,7,1.1666666666666667,5.833333333333334,0.19999999999999998
Tilak Varma,middle,22,3.6666666666666665,5.833333333333334,0.6285714285714284
Tilak Varma,powerplay,6,1.0,5.833333333333334,0.1714285714285714
UT Yadav,death,709,118.16666666666667,509.0,0.23215455140798952
UT Yadav,middle,860,143.33333333333334,509.0,0.2815979043876883
UT Yadav,powerplay,1485,247.5,509.0,0.4862475442043222
Umar Gul,death,464,77.33333333333333,161.66666666666666,0.47835051546391755
Umar Gul,middle,287,47.833333333333336,161.66666666666666,0.2958762886597939
Umar Gul,powerplay,219,36.5,161.66666666666666,0.22577319587628866
Umran Malik,death,90,15.0,93.0,0.16129032258064516
Umran Malik,middle,424,70.66666666666667,93.0,0.7598566308243728
Umran Malik,powerplay,44,7.333333333333333,93.0,0.07885304659498207
V Kohli,death,41,6.833333333333333,56.5,0.12094395280235988
V Kohli,middle,298,49.666666666666664,56.5,0.8790560471976401
V Sehwag,death,18,3.0,21.333333333333332,0.140625
V Sehwag,middle,99,16.5,21.333333333333332,0.7734375
V Sehwag,powerplay,11,1.8333333333333333,21.333333333333332,0.0859375
V Shankar,death,47,7.833333333333333,48.333333333333336,0.16206896551724137
V Shankar,middle,223,37.166666666666664,48.333333333333336,0.7689655172413792
V Shankar,powerplay,20,3.3333333333333335,48.333333333333336,0.06896551724137931
V Viyaskanth,middle,56,9.333333333333334,9.333333333333334,1.0
VR Aaron,death,195,32.5,152.0,0.2138157894736842
VR Aaron,middle,361,60.166666666666664,152.0,0.3958333333333333
VR Aaron,powerplay,356,59.333333333333336,152.0,0.39035087719298245
VR Iyer,death,44,7.333333333333333,19.666666666666664,0.3728813559322034
VR Iyer,middle,73,12.166666666666666,19.666666666666664,0.6186440677966102
VR Iyer,powerplay,1,0.16666666666666666,19.666666666666664,0.00847457627118644
W O'Rourke,death,15,2.5,13.333333333333334,0.1875
W O'Rourke,middle,45,7.5,13.333333333333334,0.5625
W O'Rourke,powerplay,20,3.3333333333333335,13.333333333333334,0.25
WD Parnell,death,421,70.16666666666667,230.16666666666669,0.30485155684286747
WD Parnell,middle,306,51.0,230.16666666666669,0.22157856625633596
WD Parnell,powerplay,654,109.0,230.16666666666669,0.4735698769007965
WG Jacks,death,22,3.6666666666666665,47.16666666666667,0.07773851590106005
WG Jacks,middle,168,28.0,47.16666666666667,0.5936395759717313
WG Jacks,powerplay,93,15.5,47.16666666666667,0.32862190812720843
WPUJC Vaas,death,43,7.166666666666667,53.66666666666667,0.13354037267080746
WPUJC Vaas,middle,48,8.0,53.66666666666667,0.14906832298136644
WPUJC Vaas,powerplay,231,38.5,53.66666666666667,0.717391304347826
Washington Sundar,death,127,21.166666666666668,278.5,0.07600239377618193
Washington Sundar,middle,939,156.5,278.5,0.5619389587073609
Washington Sundar,powerplay,605,100.83333333333333,278.5,0.3620586475164572
XC Bartlett,death,92,15.333333333333334,67.66666666666667,0.22660098522167488
XC Bartlett,middle,105,17.5,67.66666666666667,0.2586206896551724
XC Bartlett,powerplay,209,34.833333333333336,67.66666666666667,0.5147783251231527
Y Venugopal Rao,death,24,4.0,33.333333333333336,0.12
Y Venugopal Rao,middle,135,22.5,33.333333333333336,0.6749999999999999
Y Venugopal Rao,powerplay,41,6.833333333333333,33.333333333333336,0.205
YA Abdulla,death,54,9.0,36.166666666666664,0.2488479262672811
YA Abdulla,middle,67,11.166666666666666,36.166666666666664,0.3087557603686636
YA Abdulla,powerplay,96,16.0,36.166666666666664,0.4423963133640553
YBK Jaiswal,death,4,0.6666666666666666,0.6666666666666666,1.0
YK Pathan,death,96,16.0,213.66666666666666,0.0748829953198128
YK Pathan,middle,828,138.0,213.66666666666666,0.6458658346333853
YK Pathan,powerplay,358,59.666666666666664,213.66666666666666,0.2792511700468019
YS Chahal,death,737,122.83333333333333,837.6666666666667,0.14663748507759647
YS Chahal,middle,3705,617.5,837.6666666666667,0.7371667329884599
YS Chahal,powerplay,584,97.33333333333333,837.6666666666667,0.11619578193394348
Yuvraj Singh,death,128,21.333333333333332,186.83333333333334,0.11418376449598572
Yuvraj Singh,middle,993,165.5,186.83333333333334,0.8858162355040142
Z Khan,death,574,95.66666666666667,368.83333333333337,0.2593764121102576
Z Khan,middle,320,53.333333333333336,368.83333333333337,0.14460009037505647
Z Khan,powerplay,1319,219.83333333333334,368.83333333333337,0.5960234975146859
