venue,phase,four_modifier,six_modifier,wicket_modifier
AMI Stadium,death,1.1594283745426501,1.2546610526961628,0.7138064044918179
AMI Stadium,middle,0.8552018634390295,1.3033017822910722,1.37547893762186
AMI Stadium,powerplay,1.0317114056492704,1.5672810651115803,0.7448588097737165
Adelaide Oval,death,0.9484311698723359,0.9231776137738075,0.9177607774216896
Adelaide Oval,middle,1.201893526699672,0.9980763718137464,0.9859532961843201
Adelaide Oval,powerplay,1.0105004884652649,1.1823455720081284,0.8090162383774592
"Arnos Vale Ground, Kingstown",death,0.8620689655172407,0.9704766717945592,1.0771523488934562
"Arnos Vale Ground, Kingstown",middle,0.7098215831203497,1.164638359774434,0.7878061691519468
"Arnos Vale Ground, Kingstown",powerplay,0.8797646043631507,0.6622516556291393,1.5069706171784913
"Arnos Vale Ground, Kingstown, St Vincent",powerplay,0.9507376647355826,0.8403361344537819,1.4834583018182452
Arun Jaitley Stadium,death,0.9105521622301114,1.1308039509111434,0.9237649948083878
Arun Jaitley Stadium,middle,0.9170142897551844,1.061211362964911,1.0481835543659705
Arun Jaitley Stadium,powerplay,1.0440505256992598,1.2223779822715186,0.9270475652265772
"Arun Jaitley Stadium, Delhi",death,1.1506460564689573,1.3341285212762104,0.8531236387123915
"Arun Jaitley Stadium, Delhi",middle,1.125017751566338,1.5195856768678428,0.9308672505082121
"Arun Jaitley Stadium, Delhi",powerplay,1.254078300064927,1.4807703578227756,0.9486633192542665
Barabati Stadium,death,1.146093139661533,1.0212824701470222,1.0148796721731699
Barabati Stadium,middle,1.0502382083511141,0.5222529701606169,0.9579992919926916
Barabati Stadium,powerplay,0.9758366367260084,0.6179757976425072,0.9121680813370014
"Barabati Stadium, Cuttack",death,1.0152105434991607,0.9856840649944537,0.8421311513667518
"Barabati Stadium, Cuttack",middle,1.007373013517148,1.092955716055037,1.2830649613003997
"Barabati Stadium, Cuttack",powerplay,0.8203059294550722,1.2510922798248998,1.3948811977537778
Barsapara Cricket Stadium,death,0.8608393783339017,0.8217174739282389,1.003098603704097
Barsapara Cricket Stadium,middle,0.9665614140431157,0.8707058213551732,0.8145557412884149
Barsapara Cricket Stadium,powerplay,0.8817984301395211,0.8633164607792364,1.4627923458540024
"Barsapara Cricket Stadium, Guwahati",death,1.0436392639321452,1.241229467036864,0.8002950621122911
"Barsapara Cricket Stadium, Guwahati",middle,1.1648566361531076,1.1144286369551784,1.09762458090755
"Barsapara Cricket Stadium, Guwahati",powerplay,1.2202568801896163,1.1859102948045828,1.2215913321401877
Bay Oval,death,0.9219470241499861,1.0770801673499613,1.0299413069602217
Bay Oval,middle,0.7612567327691118,1.8,0.8065799868577455
Bay Oval,powerplay,1.1137271919156833,1.2810711385859963,1.106610767480885
"Bay Oval, Mount Maunganui",death,0.840546456050481,0.9443685342874348,1.3421017820360188
"Bay Oval, Mount Maunganui",middle,1.1140934889457852,1.0767511739457176,1.167182485533544
"Bay Oval, Mount Maunganui",powerplay,0.9398329569009443,0.7995026636000868,1.0231603199642325
"Beausejour Stadium, Gros Islet",death,0.8981851892003676,1.0558585191127947,1.127637261533424
"Beausejour Stadium, Gros Islet",middle,0.9433604779644342,1.13042696513771,0.7238723872387244
"Beausejour Stadium, Gros Islet",powerplay,0.9662460080462875,0.5554747800444559,0.9830095510832115
Bellerive Oval,death,0.9297792850917784,1.1066320553023916,1.0405565005999209
Bellerive Oval,middle,0.991628974236409,1.2432886298818349,1.3734423947445262
Bellerive Oval,powerplay,1.2358745564005922,0.9882918053562706,1.3131259511916897
"Bellerive Oval, Hobart",death,1.2114178392156216,1.0013791311338516,0.8919055719427893
"Bellerive Oval, Hobart",middle,1.020571647742776,1.4537136513166922,1.4639341747679595
"Bellerive Oval, Hobart",powerplay,1.1055325367957263,1.2444141876955321,1.0588413214759107
Bharat Ratna Shri Atal Bihari Vajpayee Ekana Cricket Stadium,death,1.1303644577160137,1.0437581646713554,0.7810752516376421
Bharat Ratna Shri Atal Bihari Vajpayee Ekana Cricket Stadium,middle,0.9722634944119767,0.8230262277331971,1.1087707755547132
Bharat Ratna Shri Atal Bihari Vajpayee Ekana Cricket Stadium,powerplay,0.941673632186032,0.9219367142889393,0.9322285510961771
"Bharat Ratna Shri Atal Bihari Vajpayee Ekana Cricket Stadium, Lucknow",death,0.9966946524615882,0.9373080629266981,0.9516411621502329
"Bharat Ratna Shri Atal Bihari Vajpayee Ekana Cricket Stadium, Lucknow",middle,1.0341118018848283,1.009696201156257,1.0588922528616493
"Bharat Ratna Shri Atal Bihari Vajpayee Ekana Cricket Stadium, Lucknow",powerplay,1.0374792366792978,1.150914563640921,0.9327803891999412
"Bir Sreshtho Flight Lieutenant Matiur Rahman Stadium, Chattogram",death,0.8196721311475407,0.9227483108866297,0.9219248871788565
"Bir Sreshtho Flight Lieutenant Matiur Rahman Stadium, Chattogram",middle,1.0072457139327038,1.1592140265761743,1.4021041448407132
"Bir Sreshtho Flight Lieutenant Matiur Rahman Stadium, Chattogram",powerplay,0.9812022389778807,1.0219415889951151,1.0287746937605753
Boland Park,death,1.1636501482130235,0.7677950175235427,0.843095145444548
Boland Park,middle,0.7899997123089177,0.7106739258406692,1.0976273506747654
Boland Park,powerplay,1.0135033087000271,0.7941202156522535,0.9619173584559294
"Boland Park, Paarl",death,0.8998012560495966,0.912091932347724,0.8274812746466276
"Boland Park, Paarl",middle,0.940438414190836,1.0460397862157407,0.6451612903225811
"Boland Park, Paarl",powerplay,1.0543210734828237,1.1853472040857789,0.9961151796729396
Brabourne Stadium,death,1.1135250348208323,0.9206980690361931,1.0671348790028574
Brabourne Stadium,middle,1.046991704624255,0.8328166690134997,1.0261279338943077
Brabourne Stadium,powerplay,1.3122936551140245,0.5065504939755078,0.6498314606402134
"Brabourne Stadium, Mumbai",death,1.1626656375562638,0.9982525629281513,1.0725934415051683
"Brabourne Stadium, Mumbai",middle,1.1957955139249739,1.1127540238023068,0.9522672362930076
"Brabourne Stadium, Mumbai",powerplay,1.16959059179075,1.0983549008700864,0.9323447953566142
"Brian Lara Stadium, Tarouba, Trinidad",death,0.8145218035683067,1.005766822604347,1.1287353446179629
"Brian Lara Stadium, Tarouba, Trinidad",middle,0.8014603006831728,1.358435089745129,1.0599375404615503
"Brian Lara Stadium, Tarouba, Trinidad",powerplay,0.8428103681036324,1.8,1.2537875056014087
"Brisbane Cricket Ground, Woolloongabba",death,1.0187445968784794,0.9971892602922878,1.096957619521613
"Brisbane Cricket Ground, Woolloongabba",middle,1.21561705882029,0.9283469107997774,1.2266877611785827
"Brisbane Cricket Ground, Woolloongabba",powerplay,0.7831409885787581,0.8289912370876232,0.8467282324362708
"Brisbane Cricket Ground, Woolloongabba, Brisbane",death,0.8346322335067018,0.8428670227955898,1.206397241753388
"Brisbane Cricket Ground, Woolloongabba, Brisbane",middle,1.1685174355404921,0.7450908097238509,1.040432282430901
"Brisbane Cricket Ground, Woolloongabba, Brisbane",powerplay,0.9859040160230543,0.8335237659963441,0.9442652083311294
Buffalo Park,death,1.3436108239858096,0.6965359424491334,1.300161101347394
Buffalo Park,middle,0.7116542207354333,0.595731939392763,0.8614951181216783
Buffalo Park,powerplay,0.7653071413732614,1.267259050838436,0.9571566749000123
Carrara Oval,death,0.8822091821335949,0.6990752358729078,1.2774311967510983
Carrara Oval,middle,0.9006538389853622,0.8125273546457874,1.5371702307845476
Carrara Oval,powerplay,1.0653881494904611,0.8703903268225404,1.0669617582818356
"Cazaly's Stadium, Cairns",death,1.0569641682539352,0.7310084021309662,0.9733723697615702
"Cazaly's Stadium, Cairns",middle,1.1152631700497484,0.8908580596892295,1.4604339554834596
"Cazaly's Stadium, Cairns",powerplay,0.9862435149861395,1.1827827108905713,0.8989346742713139
Central Broward Regional Park Stadium Turf Ground,death,0.6928788248078332,1.0513201898572282,1.1293999084756874
Central Broward Regional Park Stadium Turf Ground,middle,0.8176582844167453,1.1638079092624563,0.9177240801003184
Central Broward Regional Park Stadium Turf Ground,powerplay,0.7778897260759929,0.9093870558241008,1.377664029653716
"Central Broward Regional Park Stadium Turf Ground, Lauderhill",death,0.6459225472662934,1.145354797311635,1.1888784911632018
"Central Broward Regional Park Stadium Turf Ground, Lauderhill",middle,0.9715847116383385,1.1873188539855217,1.1246586197081245
"Central Broward Regional Park Stadium Turf Ground, Lauderhill",powerplay,1.0318351944896278,1.8,0.9905019580140835
"Civil Service Cricket Club, Stormont, Belfast",death,1.1926387453262384,1.1310865947280826,1.1275984804104322
"Civil Service Cricket Club, Stormont, Belfast",middle,0.9600310710921074,0.943062934540207,0.9662935043504358
"Civil Service Cricket Club, Stormont, Belfast",powerplay,1.0977428843354562,0.787401574803149,1.1891419313195333
"Coolidge Cricket Ground, Antigua",death,0.8519852181138906,1.032069197464781,0.9551422422300124
"Coolidge Cricket Ground, Antigua",middle,0.6141013388651348,0.6333444018103099,1.593407778277829
"Coolidge Cricket Ground, Antigua",powerplay,0.9561066984931524,1.8,1.1511305308741038
County Ground,death,1.0857058390652052,0.8122766831898737,1.0405016775842786
County Ground,middle,1.024945058878895,1.4241475939175838,1.0146255589414368
County Ground,powerplay,1.2010103467917208,1.4640539305301632,0.8024160814380498
"County Ground, Bristol",death,0.9982033747467095,1.3240141762120317,1.129388755568866
"County Ground, Bristol",middle,0.94168199443944,1.629685850465073,0.8667771539058658
"County Ground, Bristol",powerplay,0.8438279616321969,1.1485982394775491,1.3153327352251571
"Daren Sammy National Cricket Stadium, Gros Islet, St Lucia",death,0.7511964974761732,1.0487678577778201,0.995583057984629
"Daren Sammy National Cricket Stadium, Gros Islet, St Lucia",middle,1.1283756289537827,1.30414620955308,0.7967266333307939
"Daren Sammy National Cricket Stadium, Gros Islet, St Lucia",powerplay,0.9688280285592532,1.766836238177983,0.9446241962753499
"Darren Sammy National Cricket Stadium, St Lucia",death,0.8516945788430661,0.9243347770772244,1.089759605228874
"Darren Sammy National Cricket Stadium, St Lucia",middle,1.0356015150461952,1.0385728474782288,0.8727382942375871
"Darren Sammy National Cricket Stadium, St Lucia",powerplay,0.8869251651984721,1.1552761362186967,1.3229800185694887
De Beers Diamond Oval,death,0.8508605286494565,0.9767550541387566,0.9210998457303452
De Beers Diamond Oval,middle,0.8374905822435464,0.7860841567135283,0.856463161109009
De Beers Diamond Oval,powerplay,0.7635433664408824,0.8019844312083503,1.1661892895518087
Dr DY Patil Sports Academy,death,0.7794904239562747,1.016783393861419,1.0458696702182384
Dr DY Patil Sports Academy,middle,0.8871678425066463,0.9005505747020706,1.1105431452810461
Dr DY Patil Sports Academy,powerplay,0.9027702988742625,0.6361602113055508,1.009482226238031
"Dr DY Patil Sports Academy, Mumbai",death,0.9818851315918117,1.0116576465145917,1.0261031638500062
"Dr DY Patil Sports Academy, Mumbai",middle,0.8826998379882446,1.0759182584389835,0.832496850921568
"Dr DY Patil Sports Academy, Mumbai",powerplay,0.8736287612450193,0.9051774425387593,0.9915985450558408
Dr. Y.S. Rajasekhara Reddy ACA-VDCA Cricket Stadium,death,0.888973712834163,0.9574724632089181,1.2177330953587273
Dr. Y.S. Rajasekhara Reddy ACA-VDCA Cricket Stadium,middle,0.8534878642451115,0.6474675140775406,1.0628777163430625
Dr. Y.S. Rajasekhara Reddy ACA-VDCA Cricket Stadium,powerplay,0.8495240590866848,0.8373047960570805,0.862497176813263
"Dr. Y.S. Rajasekhara Reddy ACA-VDCA Cricket Stadium, Visakhapatnam",death,1.2002456232555627,0.8231987788369457,1.1398593051766583
"Dr. Y.S. Rajasekhara Reddy ACA-VDCA Cricket Stadium, Visakhapatnam",middle,1.1379627040000149,1.8,1.2262739133217395
"Dr. Y.S. Rajasekhara Reddy ACA-VDCA Cricket Stadium, Visakhapatnam",powerplay,1.082687832821786,1.5961435261540453,0.9445355960505994
Dubai International Cricket Stadium,death,1.0025498261361694,0.8514085012317909,0.9509217143347596
Dubai International Cricket Stadium,middle,0.8642418169166352,0.8250085502520579,0.9449377973511646
Dubai International Cricket Stadium,powerplay,0.919229247521139,0.75047239488117,1.078263494313386
Eden Gardens,death,1.0399114146070703,1.0313535459661807,0.9345153062187999
Eden Gardens,middle,1.0896057583929695,0.9414847311412532,0.9982293708380515
Eden Gardens,powerplay,1.0635766516135707,0.7491993825535816,0.9227457782606725
"Eden Gardens, Kolkata",death,1.1355864270596259,1.4538759294988741,0.848765261017332
"Eden Gardens, Kolkata",middle,1.069170938140002,1.2833288675180614,1.1054481244302776
"Eden Gardens, Kolkata",powerplay,1.1954510197277652,1.6422880165710745,0.8884878063123486
Eden Park,death,0.7774574519235445,1.0433678831439326,0.8038052323298526
Eden Park,middle,0.8387371711139887,1.5503766441203188,1.1292755110700385
Eden Park,powerplay,0.9548778689783808,1.7266590880922144,1.0517668880907458
"Eden Park, Auckland",death,0.9021798552888477,1.0539152842647768,1.1484901741492253
"Eden Park, Auckland",middle,1.0120083481663185,1.4105054578279992,1.0394601103946013
"Eden Park, Auckland",powerplay,0.8610629900087369,1.791925655088361,1.1771772512043057
Edgbaston,death,1.1267885926107812,1.3524999861158165,1.2375971704194242
Edgbaston,middle,1.1100711258276414,1.1089791515124543,1.3530597275665865
Edgbaston,powerplay,1.2072871235023919,0.7211082649547208,0.8839654102044275
"Edgbaston, Birmingham",death,1.0445518886869973,1.0141720437515191,1.1549057218876495
"Edgbaston, Birmingham",middle,0.8905896008145036,1.2785861596591857,1.4927328798453627
"Edgbaston, Birmingham",powerplay,0.9845864724908203,0.8455638103387921,1.0768641524797562
Feroz Shah Kotla,death,1.0420994240828798,0.8716957364686905,0.9898552374787603
Feroz Shah Kotla,middle,1.0551139746053078,0.8973051204248901,0.9047445052638542
Feroz Shah Kotla,powerplay,1.099725593563589,0.7280021014781269,0.9562809834633866
Gaddafi Stadium,death,1.2817082041269476,0.9381274494014074,0.8333333333333334
Gaddafi Stadium,middle,0.8987257141120556,0.8064516129032271,0.8064516129032246
Gaddafi Stadium,powerplay,1.0475720565142068,0.925925925925926,1.1621343762850949
"Grand Prairie Stadium, Dallas",death,0.9259259259259259,0.925925925925926,1.156941411774452
"Grand Prairie Stadium, Dallas",middle,0.7903687131198218,0.8561138696535225,1.045185369600789
"Grand Prairie Stadium, Dallas",powerplay,1.115306770484823,0.7999999999999985,1.004084101110323
Green Park,death,1.1961785439621544,0.6746128017516426,0.9480929739655907
Green Park,middle,1.0992636255321977,0.8211797950112878,0.9940048913377186
Green Park,powerplay,1.1765082454905442,1.0019032384434563,1.1491849751948953
Greenfield International Stadium,death,1.1544147653269927,0.8875928216761528,0.7976938740129114
Greenfield International Stadium,middle,0.7668777695096316,1.8,0.9499623133045004
Greenfield International Stadium,powerplay,0.7843275992158143,1.087987908528175,1.3337021978522952
"Greenfield International Stadium, Thiruvananthapuram",death,0.9827629830289516,1.463277294540911,1.0325101778251349
"Greenfield International Stadium, Thiruvananthapuram",middle,0.9101898161593556,1.8,0.8442498385176871
"Greenfield International Stadium, Thiruvananthapuram",powerplay,1.0892561193239103,1.2113837501188023,1.2419759989770176
Gymkhana Club Ground,death,0.8403361344537809,0.8403361344537819,1.1548278042643805
Gymkhana Club Ground,middle,0.8316566309693643,1.2099713945032826,0.9230266310213121
Gymkhana Club Ground,powerplay,1.0673375670144745,0.9433962264150941,0.9433962264150935
Hagley Oval,death,1.2676349256112662,0.9483879111838527,0.7428351822024933
Hagley Oval,middle,1.049144514913423,0.7372912196959116,1.0717700802338297
Hagley Oval,powerplay,0.7210753734726038,1.099750471781565,1.4318755096286475
"Hagley Oval, Christchurch",death,1.0611423585433677,0.8508011651456171,1.0169609156479837
"Hagley Oval, Christchurch",middle,1.1602739190018634,0.9812158345414228,0.7735252758502688
"Hagley Oval, Christchurch",powerplay,1.1350369393938833,1.0927808068036304,1.0024341990923007
Harare Sports Club,death,0.7418476782535631,0.6892556129306655,1.0566824961986088
Harare Sports Club,middle,0.9955940670806267,0.7033737008420552,0.8761255872422689
Harare Sports Club,powerplay,0.9481705517935755,0.5097908729006133,1.1405799117304825
"Headingley, Leeds",middle,0.9523809523809524,0.9523809523809532,1.177957795779579
Himachal Pradesh Cricket Association Stadium,death,1.1014671308487876,1.1420181210877745,1.109820040959201
Himachal Pradesh Cricket Association Stadium,middle,1.1935293286453013,0.9245955794903112,0.8903443172492266
Himachal Pradesh Cricket Association Stadium,powerplay,1.1206288287619273,0.5,0.843722568740287
"Himachal Pradesh Cricket Association Stadium, Dharamsala",death,1.3334417508479328,1.6606793748063982,0.8550480130797623
"Himachal Pradesh Cricket Association Stadium, Dharamsala",middle,1.2520581344755746,1.0607377610611533,1.035002709757141
"Himachal Pradesh Cricket Association Stadium, Dharamsala",powerplay,1.1552105648044377,1.315592571646522,1.024823458030173
Holkar Cricket Stadium,death,1.0645610649349955,1.301452539228161,0.8443891536145669
Holkar Cricket Stadium,middle,0.9348167900026019,1.6303975458222872,0.9761070369332018
Holkar Cricket Stadium,powerplay,0.9606081689865329,1.4270725093491428,1.004910756920045
"Holkar Cricket Stadium, Indore",death,0.9494134845384798,1.0830355775864986,0.8482994364658102
"Holkar Cricket Stadium, Indore",middle,1.1733294865501598,1.741776995636346,1.1420443931185567
"Holkar Cricket Stadium, Indore",powerplay,1.0314838417331649,1.6331623772564556,1.0570750773435407
JSCA International Stadium Complex,death,0.8506195633186087,1.0290632600277987,1.2583895996487748
JSCA International Stadium Complex,middle,0.7856797885570579,0.9005722247101561,0.9316862720754823
JSCA International Stadium Complex,powerplay,0.8804402795653982,0.857272038904073,0.9227545008221589
"JSCA International Stadium Complex, Ranchi",death,0.7502682170499205,1.0398909529439957,1.1571863346049984
"JSCA International Stadium Complex, Ranchi",middle,1.0372476550588345,1.0713484046817392,0.7138164796871839
"JSCA International Stadium Complex, Ranchi",powerplay,0.9600739462047422,1.1316934315428546,0.9442015070288473
Jade Stadium,death,1.1125942908655144,1.0620310747940453,0.9433962264150941
Jade Stadium,middle,0.9263859699978257,1.1181804611271708,1.0163526697497332
"John Davies Oval, Queenstown",death,1.095725723092654,0.8064516129032253,1.0076586489648456
"John Davies Oval, Queenstown",middle,0.919356390347804,1.3115341153618671,0.7233074184611445
"John Davies Oval, Queenstown",powerplay,0.9576533852424115,1.194829981718463,0.7999999999999994
Kennington Oval,death,1.218152429306356,0.7418835045583755,1.0144603593485477
Kennington Oval,middle,1.151996448286034,0.5446879923463951,0.963631211606009
Kennington Oval,powerplay,1.1545174371636182,0.8678635804472982,1.068100880708099
"Kensington Oval, Bridgetown",death,0.8406259108759012,0.9969768524554588,1.1224302612703325
"Kensington Oval, Bridgetown",middle,0.8422123283906868,1.1090698671540649,1.1171556752990723
"Kensington Oval, Bridgetown",powerplay,0.7907854413923785,0.8439546127943004,1.190704067105038
"Kensington Oval, Bridgetown, Barbados",death,0.9245964158616973,1.202949504779724,0.9735711072509489
"Kensington Oval, Bridgetown, Barbados",middle,0.6198482709125716,1.4579471929178693,1.246882349525275
"Kensington Oval, Bridgetown, Barbados",powerplay,0.9200909542084276,1.7452932938046557,0.9178959813767936
Kingsmead,death,0.9697866646894997,0.8272325527188314,1.2423898615529505
Kingsmead,middle,0.8795882200062622,0.7476716420889132,0.9472247781364407
Kingsmead,powerplay,0.9194793754516726,1.0495261711647936,0.9777564477156279
"Kingsmead, Durban",death,1.0152054599051268,0.9228469495823344,1.1349474937907598
"Kingsmead, Durban",middle,1.3700355401730682,1.6172811270383864,0.9438252725796135
"Kingsmead, Durban",powerplay,1.0760929033804185,1.7186120945337662,1.3811092959005031
Lord's,death,1.0721766597990978,0.5967747060170503,0.9341758751751226
Lord's,middle,0.8178222444591284,0.5,0.8400065098760787
Lord's,powerplay,0.9208529206637082,0.5,0.8839654102044275
M Chinnaswamy Stadium,death,1.1280509392469968,1.2378322741134653,1.0396439157112292
M Chinnaswamy Stadium,middle,1.069442115245776,1.0355226202366514,1.0267318405872763
M Chinnaswamy Stadium,powerplay,0.8938178516452862,0.9535809481278869,0.9909146594405811
"M Chinnaswamy Stadium, Bangalore",powerplay,0.8735155004243211,1.2242110468426888,1.2378772563736142
"M Chinnaswamy Stadium, Bengaluru",death,1.077424107880679,1.4348361348003886,0.9251598673519893
"M Chinnaswamy Stadium, Bengaluru",middle,1.175307428782953,1.7066154442566235,1.1001244727324064
"M Chinnaswamy Stadium, Bengaluru",powerplay,1.0824893494451246,1.5975637323772436,1.080573828277119
M.Chinnaswamy Stadium,death,0.941843002989207,1.372434957102376,0.9982045314207005
M.Chinnaswamy Stadium,middle,0.9593594009251766,1.2995378591350766,0.9023505959805693
M.Chinnaswamy Stadium,powerplay,1.044907041987157,1.1934709763777394,1.0847703576264862
MA Chidambaram Stadium,death,0.7364099814155334,1.140102560340316,0.7106691630955335
MA Chidambaram Stadium,middle,0.8666132328429595,0.5556652236652246,1.0000516051605166
MA Chidambaram Stadium,powerplay,0.8660643722102987,1.1279278063384175,1.2299817509279125
"MA Chidambaram Stadium, Chepauk",death,0.9160377299264332,0.828675985849812,0.9878392478175484
"MA Chidambaram Stadium, Chepauk",middle,0.8791324607717916,0.7888161892821888,0.8989700176134355
"MA Chidambaram Stadium, Chepauk",powerplay,0.9662405751365223,0.6953188134600942,0.8513524029474331
"MA Chidambaram Stadium, Chepauk, Chennai",death,0.910116062260652,0.8476793336688047,1.010873458790174
"MA Chidambaram Stadium, Chepauk, Chennai",middle,0.8632681767190046,0.8896448861267718,1.0835271111093918
"MA Chidambaram Stadium, Chepauk, Chennai",powerplay,1.0705676000947664,1.0403919715317664,0.8984491689706655
"Maharaja Yadavindra Singh International Cricket Stadium, Mullanpur",death,0.9377976634109505,1.0422002378153883,1.0355743049158148
"Maharaja Yadavindra Singh International Cricket Stadium, Mullanpur",middle,0.995512926511209,0.980174711164164,1.1835450948409751
"Maharaja Yadavindra Singh International Cricket Stadium, Mullanpur",powerplay,1.0394636555785466,0.9187886643159124,1.3394974909654995
"Maharaja Yadavindra Singh International Cricket Stadium, New Chandigarh",death,0.9895089525969651,1.4798059563933121,0.7842863344846255
"Maharaja Yadavindra Singh International Cricket Stadium, New Chandigarh",middle,1.071443853275113,1.6949295239661608,0.9976920080067708
"Maharaja Yadavindra Singh International Cricket Stadium, New Chandigarh",powerplay,1.2547132932119953,1.8,0.7477713929797523
Maharashtra Cricket Association Stadium,death,1.0184619156034984,1.0773761590318205,0.9855764002357612
Maharashtra Cricket Association Stadium,middle,0.9411133747653616,0.8112275909523942,0.982782366205572
Maharashtra Cricket Association Stadium,powerplay,0.995815393013085,0.8713815013989161,1.00738520131765
"Maharashtra Cricket Association Stadium, Pune",death,0.8995022179816025,1.2890382643966156,1.0055439580922891
"Maharashtra Cricket Association Stadium, Pune",middle,0.9875652955658752,1.2291220382129495,1.3158610455640152
"Maharashtra Cricket Association Stadium, Pune",powerplay,0.7394355644007726,0.9701853472594629,0.8879982048921818
"Mahinda Rajapaksa International Cricket Stadium, Sooriyawewa",death,1.0520717933913362,0.7805538965966935,0.7288865900807118
"Mahinda Rajapaksa International Cricket Stadium, Sooriyawewa",middle,0.8463040383569356,0.7039781303104182,1.1041000651789308
"Mahinda Rajapaksa International Cricket Stadium, Sooriyawewa",powerplay,0.9135152217020347,0.5,1.2771262630990108
"Malahide, Dublin",death,0.9259259259259259,0.925925925925926,0.9259259259259258
"Malahide, Dublin",middle,1.2672260910347612,1.1387929775579866,0.9433962264150939
"Malahide, Dublin",powerplay,1.014079811136151,1.1401049443878466,0.7633587786259525
Mangaung Oval,middle,0.8928571428571423,1.0777862109030958,1.1043354335433548
Mangaung Oval,powerplay,0.995970944409039,0.9345794392523363,0.9345794392523356
Manuka Oval,death,0.979649582772189,0.8772349158248812,1.0342304533700772
Manuka Oval,middle,0.6175074226120084,0.7106739258406692,1.3356732658190436
Manuka Oval,powerplay,1.0336803041688192,0.8633164607792364,0.7254942927097706
"Manuka Oval, Canberra",death,1.0869631884317665,0.852756385554157,0.784813324310375
"Manuka Oval, Canberra",middle,1.23525760764484,0.9741785734364585,0.9846413212749849
"Manuka Oval, Canberra",powerplay,0.9056912547347997,0.6810499063628663,1.0048616272838842
Maple Leaf North-West Ground,death,0.963150780539089,0.591715976331361,1.1084251695310234
Maple Leaf North-West Ground,middle,0.7830170428228881,0.7049398559279978,0.8467055401192288
Maple Leaf North-West Ground,powerplay,0.9162649019650988,0.7944348282702557,0.9389975421083577
"Marrara Stadium, Darwin",death,0.9882710028586825,0.7477670433466431,1.304342642117739
"Marrara Stadium, Darwin",middle,1.3086430974487213,1.2517177053386628,1.0615936169888172
"Marrara Stadium, Darwin",powerplay,1.0485010964054704,1.3760664229128579,1.5103795199472017
McLean Park,death,0.9774819400251011,1.5336521248454615,0.9886655302695061
McLean Park,middle,0.9949862292900622,1.170468920569041,0.9622371928822829
McLean Park,powerplay,0.9077497087370849,1.0086674894904355,1.0255941652546268
"McLean Park, Napier",death,0.992037582735352,0.7710636570422515,1.5393723449192076
"McLean Park, Napier",middle,0.9188465298431854,0.8272253411399977,0.63104881916763
"McLean Park, Napier",powerplay,0.919768898646846,1.2912391288267067,1.1678731245963092
Melbourne Cricket Ground,death,1.0055849577574925,0.518424617643202,1.2027403430626165
Melbourne Cricket Ground,middle,0.8368114770673526,0.6661884540407761,0.9975240318791696
Melbourne Cricket Ground,powerplay,0.9190815817814362,0.6355984394309239,1.1093496562655483
Moses Mabhida Stadium,death,0.7279937952576822,0.8501597641018915,0.9253045984153196
Moses Mabhida Stadium,middle,1.0210470738045194,0.8707058213551732,1.2657094280856653
Moses Mabhida Stadium,powerplay,1.0654918601894992,1.28381821429322,1.0145490684848926
Narendra Modi Stadium,death,1.214228379622994,0.8644077046249847,0.894069014448396
Narendra Modi Stadium,middle,1.1309181050291832,1.196179901523414,0.9482175698485886
Narendra Modi Stadium,powerplay,0.8855155020998354,1.107690523615924,0.8659406218880278
"Narendra Modi Stadium, Ahmedabad",death,0.9500399591402964,1.2526487196590854,1.0617926584265627
"Narendra Modi Stadium, Ahmedabad",middle,1.0875958198391784,1.416789202744104,1.0354231552492053
"Narendra Modi Stadium, Ahmedabad",powerplay,1.055239772475109,1.3472563212915525,1.0682073779791894
"Nassau County International Cricket Stadium, New York",death,0.8513085735615019,0.7812499999999997,1.073628974277041
"Nassau County International Cricket Stadium, New York",middle,0.5877740088692729,1.1548729862512872,1.262782729885893
"Nassau County International Cricket Stadium, New York",powerplay,0.6812536167119778,0.7659166549477319,0.6436436545578982
"National Cricket Stadium, Grenada",death,0.9523809523809524,1.0721456564587502,1.1899968806822947
"National Cricket Stadium, Grenada",middle,1.0513395146216495,0.9433962264150954,0.9433962264150939
"National Cricket Stadium, Grenada",powerplay,1.0688095817437633,0.8928571428571417,1.1206295771320567
"National Cricket Stadium, St George's, Grenada",death,0.6855039769808221,1.5253909266185361,1.0784864856335283
"National Cricket Stadium, St George's, Grenada",middle,0.7490133962128949,1.039318941534373,1.2015941089907316
"National Cricket Stadium, St George's, Grenada",powerplay,0.9077215097210953,1.5711837294332722,0.6442459769286517
National Stadium,death,1.007162636885848,0.9932586337804572,0.793650793650793
National Stadium,middle,0.9137820792495557,1.2438654590788176,1.3247773756967534
National Stadium,powerplay,1.1064551294492293,0.7936507936507934,1.198579565695085
Nehru Stadium,death,0.9384663794417433,0.839230257552743,1.2992443298007752
Nehru Stadium,middle,1.038360218653584,0.7069871550786171,0.7313210022827838
Nehru Stadium,powerplay,0.9505532079838505,0.5194985332256282,1.2411132903707853
New Wanderers Stadium,death,0.8942784212057812,0.9538544392718206,0.9961737311709871
New Wanderers Stadium,middle,1.0275906745782768,0.8532080824948693,0.9797509724908207
New Wanderers Stadium,powerplay,1.0095716143943598,0.8914176947031532,1.0197501446266761
Newlands,death,0.931884297908828,0.8053318067642754,1.0408320258908557
Newlands,middle,0.9043125983381801,0.7618543948656352,1.0047353976178526
Newlands,powerplay,0.992614415580265,0.9371312153901316,0.883704594764186
OUTsurance Oval,death,0.9767971715829761,0.7444642258621967,1.012561371085097
OUTsurance Oval,middle,0.8555374017001667,0.5,0.6479420669339662
OUTsurance Oval,powerplay,0.785255500083751,0.5,1.3202539737987335
Old Trafford,death,1.0230250363611622,0.8428670227955898,0.9967361285463221
Old Trafford,middle,1.1474887695386762,0.8024048944363209,1.1317403345272792
Old Trafford,powerplay,1.001059739195303,1.1499864161964226,1.0993966761235412
"Old Trafford, Manchester",death,1.0974722186441717,1.1777770461520398,0.8970949236414487
"Old Trafford, Manchester",middle,1.3222697296905568,1.4660480402107203,1.1773312669612823
"Old Trafford, Manchester",powerplay,1.1159310852917521,1.6508693885841972,1.0113447253064545
Pallekele International Cricket Stadium,death,1.00831290287182,0.7663515644233139,1.23197928960999
Pallekele International Cricket Stadium,middle,1.0560987856262878,0.8575063634269149,1.060152864025898
Pallekele International Cricket Stadium,powerplay,1.0772770946182408,0.8195391493454156,1.10401540848167
Perth Stadium,death,0.9534127928923065,1.156759674522891,1.1076691202893096
Perth Stadium,middle,1.2944017854168288,1.316742236173517,0.8543631614346264
Perth Stadium,powerplay,0.9548290019018286,1.0128674991089184,1.0364610495255142
Providence Stadium,death,0.8450823323913937,1.3094957868673454,1.1663380556174938
Providence Stadium,middle,0.6176608228795741,0.7747806037482466,1.0259042853437894
Providence Stadium,powerplay,0.7386278233982982,0.7916633284048448,0.906583917107379
"Providence Stadium, Guyana",death,0.8091264617622722,1.0863159763948944,1.0002314615671388
"Providence Stadium, Guyana",middle,0.9350432326891536,1.2208670098466745,0.8705229987625921
"Providence Stadium, Guyana",powerplay,0.8007553077957524,0.9015670204646694,1.2334179665549696
Punjab Cricket Association IS Bindra Stadium,death,0.930869519484193,0.9350504357126437,0.9490592446553343
Punjab Cricket Association IS Bindra Stadium,middle,1.0456222734638374,1.1986017233193695,0.8977838720735618
Punjab Cricket Association IS Bindra Stadium,powerplay,1.1250297242145897,1.2406198606435996,0.7241230866478109
"Punjab Cricket Association IS Bindra Stadium, Mohali",death,1.1069827246548063,0.7650641465806056,0.9544510861865999
"Punjab Cricket Association IS Bindra Stadium, Mohali",middle,1.082069680271924,0.6293155305203494,0.9554507257954719
"Punjab Cricket Association IS Bindra Stadium, Mohali",powerplay,1.14335345425847,0.6731845286522382,0.6923887728307728
"Punjab Cricket Association IS Bindra Stadium, Mohali, Chandigarh",death,1.1335922438911585,1.2120864074764781,1.0038777404505348
"Punjab Cricket Association IS Bindra Stadium, Mohali, Chandigarh",middle,1.3641313439369225,1.2184927987914649,0.8608025067636438
"Punjab Cricket Association IS Bindra Stadium, Mohali, Chandigarh",powerplay,1.1858667928853914,1.0733839082830032,1.0469798038651987
"Punjab Cricket Association Stadium, Mohali",death,1.007472576311085,1.0012164957807506,1.0118631198590329
"Punjab Cricket Association Stadium, Mohali",middle,1.0695136121434365,0.6840580300243496,1.020055904411286
"Punjab Cricket Association Stadium, Mohali",powerplay,1.1615840193130111,0.5,0.927565569919976
"Queen's Park Oval, Port of Spain",death,0.9988792212369749,0.9498336674793542,1.1198219391662214
"Queen's Park Oval, Port of Spain",middle,0.9078315735351599,0.7429207230136233,1.1429566314295663
"Queen's Park Oval, Port of Spain",powerplay,0.8604518206505748,0.7074415511065534,0.9250104194876106
Queens Sports Club,death,0.9174311926605503,0.9174311926605505,1.0318792315212881
Queens Sports Club,middle,0.9615384615384609,0.9615384615384622,0.9615384615384605
R Premadasa Stadium,death,1.047016292744591,0.6154748661150924,1.1073050833290132
R Premadasa Stadium,middle,0.9462347380741308,0.7919964634784074,1.0256496882564958
R Premadasa Stadium,powerplay,0.8480055743271269,0.6422489758870012,1.1193012043472699
"R Premadasa Stadium, Colombo",death,0.9126413144054558,0.7103884501195767,1.1185025638552186
"R Premadasa Stadium, Colombo",middle,0.8197164777714094,0.5,1.1729733579418542
"R Premadasa Stadium, Colombo",powerplay,0.9243499597035469,0.7474233750377471,1.1291665460294833
"R.Premadasa Stadium, Khettarama",death,1.0188224245036064,0.8057456301718483,1.030647977004857
"R.Premadasa Stadium, Khettarama",middle,0.790241952877272,1.145879282875489,0.9522248447508763
"R.Premadasa Stadium, Khettarama",powerplay,0.822899533387851,1.1656491970810319,1.4076681501956976
Rajiv Gandhi International Stadium,death,0.853641154724139,0.8298834327697229,1.257835530277884
Rajiv Gandhi International Stadium,middle,0.9319759954290483,0.729821838725789,0.9623705301121379
Rajiv Gandhi International Stadium,powerplay,1.0194098993730374,1.0938952488245175,0.7041266869082571
"Rajiv Gandhi International Stadium, Uppal",death,0.9840958750633129,0.887588428866524,0.9933401460234764
"Rajiv Gandhi International Stadium, Uppal",middle,0.9578826508073057,0.8718035422193423,0.9300132156420716
"Rajiv Gandhi International Stadium, Uppal",powerplay,0.9420987289637316,0.7129167059951516,0.9524844903912316
"Rajiv Gandhi International Stadium, Uppal, Hyderabad",death,1.2423504454714274,1.1416985389553398,0.7124052782678071
"Rajiv Gandhi International Stadium, Uppal, Hyderabad",middle,1.1893529117338604,1.3846322725267621,0.9738284709299949
"Rajiv Gandhi International Stadium, Uppal, Hyderabad",powerplay,1.1436382958824018,1.5551075342518337,1.0700023000360932
Rangiri Dambulla International Stadium,death,1.030397779876852,0.6134741865823475,1.1719287491318635
Rangiri Dambulla International Stadium,middle,1.0818351609713297,0.7029006480665935,1.1417935444338074
Rangiri Dambulla International Stadium,powerplay,0.9814116233150239,0.9214125574386084,0.9411269880795032
Rawalpindi Cricket Stadium,death,0.972924084070288,1.0051365529300782,1.1156220756396507
Rawalpindi Cricket Stadium,middle,0.9711861098040873,0.7757711333178923,0.8184531371797463
Rawalpindi Cricket Stadium,powerplay,0.9803921568627453,0.9803921568627446,0.9803921568627444
Riverside Ground,death,0.9813713104398756,0.9307226836619651,1.2129915778421936
Riverside Ground,middle,0.9761097130976507,0.7019319934680437,1.1615713295467476
Riverside Ground,powerplay,1.25949380160905,1.3833255388801493,0.7024233733840971
"Riverside Ground, Chester-le-Street",death,0.9100886656522698,0.8893560693057698,0.886978372445454
"Riverside Ground, Chester-le-Street",middle,0.7462474836255286,1.1756479865892588,1.0712982802705053
"Riverside Ground, Chester-le-Street",powerplay,1.0156850514536508,1.4430588201154917,0.9340293011448222
"Sabina Park, Kingston",death,1.0345534791382958,1.0735798265191085,0.981603633624723
"Sabina Park, Kingston",middle,0.9397124858752516,1.4218544269049336,0.5726183729484053
"Sabina Park, Kingston",powerplay,1.170515089785,1.2116310696927801,0.6097560975609747
"Sabina Park, Kingston, Jamaica",death,0.9054173596818037,1.2104622598335013,1.1757903736392619
"Sabina Park, Kingston, Jamaica",middle,0.8959313566289919,1.56069513476921,1.0681160708663464
"Sabina Park, Kingston, Jamaica",powerplay,0.8821874522512965,1.6055695705998367,1.0505486512981042
"Sardar Patel Stadium, Motera",death,0.9151669533265163,0.9737654086797237,1.0240766973369904
"Sardar Patel Stadium, Motera",middle,0.821380001302951,0.9266776349011241,0.9798154745315506
"Sardar Patel Stadium, Motera",powerplay,1.1171483361595806,0.6793804362462826,1.0802938566338482
Saurashtra Cricket Association Stadium,death,1.1978736854096463,0.7760305981220542,0.8725516556970967
Saurashtra Cricket Association Stadium,middle,1.1163697162320252,0.8951994545686583,0.9309471763502872
Saurashtra Cricket Association Stadium,powerplay,1.1549161325605266,1.1854688705519745,0.8045396030204589
"Saurashtra Cricket Association Stadium, Rajkot",death,1.0638913387840183,1.0648723551023012,1.177820919008704
"Saurashtra Cricket Association Stadium, Rajkot",middle,0.7462357918912736,1.1851453020284204,1.2507789240462501
"Saurashtra Cricket Association Stadium, Rajkot",powerplay,0.9714054275521271,0.8212660635552212,1.3055335528967065
Sawai Mansingh Stadium,death,0.9997199057227163,0.6803220825938178,0.9440765780722952
Sawai Mansingh Stadium,middle,1.0475657402074645,0.6299821331719255,0.8958384142507823
Sawai Mansingh Stadium,powerplay,1.1137611684000397,0.5279379544217593,0.8365885635041289
"Sawai Mansingh Stadium, Jaipur",death,1.2097615853459152,1.0441456440572343,0.8723049750608365
"Sawai Mansingh Stadium, Jaipur",middle,1.0116907477210444,1.2518731664675415,0.9057603069724016
"Sawai Mansingh Stadium, Jaipur",powerplay,1.1446356617903637,1.212126097733314,0.8396549025405116
Saxton Oval,death,1.060724031001612,0.9498336674793542,1.2918886458671934
Saxton Oval,middle,0.9901360826783129,1.0940113840335581,1.2965803897462909
Saxton Oval,powerplay,1.2026769765911445,0.7083913287352497,0.8580740072589808
"Saxton Oval, Nelson",death,0.8240421574520576,1.1392971660325508,1.1353832299670292
"Saxton Oval, Nelson",middle,1.3227654990575641,1.338357479394015,1.0206908541321424
"Saxton Oval, Nelson",powerplay,0.960409456331382,1.144938299817184,1.161391696818232
Seddon Park,death,1.2084428786841437,1.3307098181642636,0.870857592973096
Seddon Park,middle,1.1056737866530664,1.3836039031214766,1.0211480491843763
Seddon Park,powerplay,0.9244268694332517,1.5356224331661497,0.6093869761729933
"Seddon Park, Hamilton",death,1.0819724296490325,0.9174311926605505,1.2607753092427638
"Seddon Park, Hamilton",middle,0.9876909238947404,1.3444722241513705,0.9094527099768797
"Seddon Park, Hamilton",powerplay,0.9352083840257923,0.9740380770109679,0.9805508799905498
Senwes Park,middle,0.9009009009009007,1.0874959965869067,1.1142844014131152
Senwes Park,powerplay,0.9753257077890887,0.8620689655172412,1.3019053903239717
Shaheed Veer Narayan Singh International Stadium,death,1.0655129266833092,0.9912012274202983,0.689928608067541
Shaheed Veer Narayan Singh International Stadium,middle,1.0522130476417444,0.5649022162945846,1.0066167070515804
Shaheed Veer Narayan Singh International Stadium,powerplay,0.8823802102233758,0.5532213326609071,0.9272762209798506
"Shaheed Veer Narayan Singh International Stadium, Raipur",death,0.9799885357752928,0.8508011651456171,1.186302584007536
"Shaheed Veer Narayan Singh International Stadium, Raipur",middle,0.9895524159334683,1.2883297034894763,0.7242479016294006
"Shaheed Veer Narayan Singh International Stadium, Raipur",powerplay,1.275512151730342,1.3796700332663994,1.498843203092021
Sharjah Cricket Stadium,death,0.7825553464694386,1.1962801906432126,1.0023665067601797
Sharjah Cricket Stadium,middle,0.7461432254109786,1.1184894085813404,0.9941895495349722
Sharjah Cricket Stadium,powerplay,0.8134412240290884,0.9676504966443602,0.9089869983209428
Sheikh Abu Naser Stadium,death,0.9816891659087588,0.9009009009009009,1.0132868129353192
Sheikh Abu Naser Stadium,middle,1.0131089868172263,1.0973823238286067,0.9090909090909098
Sheikh Zayed Stadium,death,1.1858447896975703,0.7184388346000903,1.012218619079122
Sheikh Zayed Stadium,middle,0.9598220464904023,0.6393056669448975,0.7913520057674154
Sheikh Zayed Stadium,powerplay,0.9058952456378667,0.6013628015676594,1.0536996265208904
Shere Bangla National Stadium,death,0.9507371980095073,0.8641705460838971,0.9078271204808993
Shere Bangla National Stadium,middle,0.8885464275813469,0.7331113651459973,0.9886349179135588
Shere Bangla National Stadium,powerplay,0.7881572459436623,0.5923527716048709,1.0418053569214034
"Shere Bangla National Stadium, Mirpur",death,0.6006364646166272,0.6010201831765453,1.2436232047254179
"Shere Bangla National Stadium, Mirpur",middle,1.0940215004394338,0.6407349006494825,1.4424341763035358
"Shere Bangla National Stadium, Mirpur",powerplay,0.9229046279780593,1.6540538888549305,1.1568864408106228
"Shrimant Madhavrao Scindia Cricket Stadium, Gwalior",death,0.9523809523809524,0.9523809523809524,1.071188916531623
"Shrimant Madhavrao Scindia Cricket Stadium, Gwalior",middle,1.159282802828206,0.9433962264150954,0.9433962264150939
"Shrimant Madhavrao Scindia Cricket Stadium, Gwalior",powerplay,1.0409275926547954,1.2987282409983298,1.3132263067615733
"Simonds Stadium, South Geelong",death,0.9992322224221801,0.7874015748031502,1.3767639166529333
"Simonds Stadium, South Geelong",middle,1.1392024836918444,0.7246376811594196,1.0679067906790678
"Simonds Stadium, South Geelong",powerplay,0.9494403323839745,0.75187969924812,0.9436880649533108
"Sir Vivian Richards Stadium, North Sound",death,0.6563767616593676,0.7868428485064922,1.085740880957509
"Sir Vivian Richards Stadium, North Sound",middle,0.6316551734058781,0.6848248033130577,0.8180818081808184
"Sir Vivian Richards Stadium, North Sound",powerplay,0.828444552588357,0.5,0.8826576895818556
"Sir Vivian Richards Stadium, North Sound, Antigua",death,0.9568309131231624,1.14701739183693,0.967778230334235
"Sir Vivian Richards Stadium, North Sound, Antigua",middle,0.9805695504785227,0.783266506586666,1.1696300064789096
"Sir Vivian Richards Stadium, North Sound, Antigua",powerplay,0.9320815294671694,1.1646067753259335,1.1880895579002007
Sky Stadium,death,0.7692307692307686,1.156162890097502,1.0571116054420098
Sky Stadium,middle,1.3445721683709937,1.1003258275985561,1.1806910420771803
Sky Stadium,powerplay,1.022771052578219,0.9219367142889393,0.7747562508567308
"Sky Stadium, Wellington",death,0.876580578474123,1.1319468617355664,0.9670925480211723
"Sky Stadium, Wellington",middle,0.7968757515454172,1.8,0.7568880781883484
"Sky Stadium, Wellington",powerplay,0.9308365759419743,1.3936024895754167,0.991750213013322
Sophia Gardens,death,0.8031443410793355,0.9474562015711954,0.9988816104809083
Sophia Gardens,middle,1.229655035003248,0.9581542474104473,0.827655247097191
Sophia Gardens,powerplay,0.7351335370189045,0.5353180921677689,1.3642137599523119
"Sophia Gardens, Cardiff",death,0.7170931616779779,0.8958449971495549,0.891858580786525
"Sophia Gardens, Cardiff",middle,0.9929952365998456,0.8970336221418469,1.0913210368655908
"Sophia Gardens, Cardiff",powerplay,0.8738155314268972,1.3243749517212955,1.215877927617677
St George's Park,death,0.9950106217676604,0.5988158676667313,0.8663689146631018
St George's Park,middle,0.6899078002644433,0.7767887861002307,1.0604871807935505
St George's Park,powerplay,0.8546134501082256,1.0562786372156523,1.1673462278002533
"St George's Park, Gqeberha",death,1.179602096536747,0.9254344865957038,0.7808210722014841
"St George's Park, Gqeberha",middle,1.0449310831266216,0.7343302107814698,1.162588548011427
"St George's Park, Gqeberha",powerplay,0.9364120718279998,1.0896798501805867,1.3588955535196727
Stadium Australia,death,0.6643657233193035,0.7837413432114668,0.7804173754499407
Stadium Australia,middle,0.8646803253513883,1.0764403465702184,1.3095852442387095
Stadium Australia,powerplay,0.6817957366392835,1.064314075734796,0.8713011493132483
Subrata Roy Sahara Stadium,death,0.9219120598931041,0.7195844357121137,0.8636537133544411
Subrata Roy Sahara Stadium,middle,0.8086811009735455,0.5872752845324875,0.9321713955076729
Subrata Roy Sahara Stadium,powerplay,0.8452333552856982,0.8678500103065958,0.9883544179981846
SuperSport Park,death,0.9899394722722662,0.9666387391067263,0.859576905008797
SuperSport Park,middle,1.0108334857829615,1.0078965847123038,0.9870932909064545
SuperSport Park,powerplay,0.9792114869266864,0.9666453556526224,1.2638402735323861
"SuperSport Park, Centurion",death,1.0669998101457192,1.5373733323253607,0.764587157758135
"SuperSport Park, Centurion",middle,1.171215159790546,1.7083858225932251,1.2629514207702177
"SuperSport Park, Centurion",powerplay,1.2145424904191253,1.4857824497257757,1.1142943538861314
Sydney Cricket Ground,death,1.0095725394815458,0.9740301440742412,0.908297115444899
Sydney Cricket Ground,middle,0.908548131182556,0.7519173085391905,0.9370115514430525
Sydney Cricket Ground,powerplay,0.9638311435043025,1.0680191637898306,0.8856696470225228
Sylhet International Cricket Stadium,death,1.179510738486275,1.0891389544396752,1.0862271372701573
Sylhet International Cricket Stadium,middle,0.9247643691145566,1.0755777793210963,0.866889041845361
Sylhet International Cricket Stadium,powerplay,1.2762575376129157,0.8734137293263619,0.8831638905121681
The Rose Bowl,death,0.7850298903474504,0.9045186271792808,0.8622298604723913
The Rose Bowl,middle,0.9650840166888726,0.9451469400072037,1.0136243306309423
The Rose Bowl,powerplay,1.0170823889107825,0.8611358397583649,0.9937982107457966
"The Rose Bowl, Southampton",death,1.0983273100381006,0.6113301866516121,1.3046912794008685
"The Rose Bowl, Southampton",middle,1.1041214690846237,1.041200541775916,1.5601484199052833
"The Rose Bowl, Southampton",powerplay,1.0027695647776598,1.2790254107788823,1.2344259929042096
"The Village, Malahide, Dublin",death,1.0293181035112815,0.8528431358194601,1.0410947629353124
"The Village, Malahide, Dublin",middle,1.4293724507399952,0.900836235978706,1.0997846053262035
"The Village, Malahide, Dublin",powerplay,1.1258004682952185,1.0565836767576602,0.8474576271186441
The Wanderers Stadium,death,0.9927166435085453,1.0141720437515191,0.8664702019842879
The Wanderers Stadium,middle,0.993234444906381,0.9322682279620081,1.015735257736299
The Wanderers Stadium,powerplay,1.117767251378468,0.9599395914474207,1.2225269363900608
"The Wanderers Stadium, Johannesburg",death,1.1009974706013348,1.000834015744221,0.9965893245182336
"The Wanderers Stadium, Johannesburg",middle,0.9240858438869797,1.8,1.3995567495680876
"The Wanderers Stadium, Johannesburg",powerplay,0.9988013901473073,1.79007805734629,1.1681089683812638
Trent Bridge,death,0.8775141563468841,0.5387594770692884,0.9656787635546932
Trent Bridge,middle,0.8326024306071294,0.5,1.027260428392709
Trent Bridge,powerplay,1.0767792562533243,0.5865335849501674,0.8185282559713866
"Trent Bridge, Nottingham",death,1.0616542470899004,1.1066320553023916,1.407463448712287
"Trent Bridge, Nottingham",middle,1.0869787070137102,1.6192363054131436,0.7480405574804053
"Trent Bridge, Nottingham",powerplay,1.010395054292881,1.4329286717935552,0.9402998479088923
University Oval,death,0.9864998903703397,1.444413534605192,1.1352960827317755
University Oval,middle,1.0459506609704843,1.8,1.0655016721184307
University Oval,powerplay,0.855296603132533,1.2190643891387478,0.9265093575311691
"University Oval, Dunedin",death,0.95108866799794,1.212106255747381,1.108262166995656
"University Oval, Dunedin",middle,0.8517774308048958,0.8188695296133319,0.9835468395324379
"University Oval, Dunedin",powerplay,0.998830490667938,1.122960509133895,1.3273047963636937
"Vidarbha Cricket Association Stadium, Jamtha",death,0.9835931762808077,0.6574701797779771,1.3644497709175787
"Vidarbha Cricket Association Stadium, Jamtha",middle,0.9255329696248106,0.5345777108186476,1.097890770672159
"Vidarbha Cricket Association Stadium, Jamtha",powerplay,0.9123592114437058,0.7617740120939381,1.2225399334896139
"Vidarbha Cricket Association Stadium, Jamtha, Nagpur",death,1.2158652189661723,0.8022473580534466,0.8009594389207743
"Vidarbha Cricket Association Stadium, Jamtha, Nagpur",middle,1.4508069228976044,1.8,1.1926769031582958
"Vidarbha Cricket Association Stadium, Jamtha, Nagpur",powerplay,1.032936701050638,1.6582393412118033,1.6991769599406028
Wankhede Stadium,death,1.0784706015046162,1.073306979403962,0.9753976831680758
Wankhede Stadium,middle,1.1494235284691976,0.9255239144119747,0.9722352054729683
Wankhede Stadium,powerplay,0.9624219797659918,0.9284023211183553,0.9997072515993133
"Wankhede Stadium, Mumbai",death,1.0446830189355185,1.393098074107146,0.9288608877457818
"Wankhede Stadium, Mumbai",middle,1.1813248096169424,1.2822099798828175,1.0070886579675926
"Wankhede Stadium, Mumbai",powerplay,1.036943393810567,1.4233826351767416,1.002499304131954
"Warner Park, Basseterre",death,0.9523809523809524,1.0721456564587502,1.071188916531623
"Warner Park, Basseterre",middle,1.2553828565391099,1.3217206658158234,0.9345794392523367
"Warner Park, Basseterre",powerplay,1.0377627783274637,1.0160118892163814,1.3744357180623243
"Warner Park, Basseterre, St Kitts",death,1.0617319398185365,0.6715252053470763,1.1145436286033836
"Warner Park, Basseterre, St Kitts",middle,1.1153590839915932,1.4841474485110875,1.1000516051605165
"Warner Park, Basseterre, St Kitts",powerplay,1.0417339871938613,1.8,1.3363364219946618
"Warner Park, St Kitts",death,1.1382691042734683,1.0510571728159102,1.0482471674355367
"Warner Park, St Kitts",middle,0.9926846550877279,1.2300761341165387,1.4498616528319492
"Warner Park, St Kitts",powerplay,0.8654103663640266,0.6301845895139561,1.8
Western Australia Cricket Association Ground,death,1.0869618944745456,1.190044667703681,0.8697753715662107
Western Australia Cricket Association Ground,middle,1.2373882165374301,0.6649026272166774,1.0526710852903478
Western Australia Cricket Association Ground,powerplay,0.8791161296458799,0.825158827153635,0.9753123641788457
Westpac Stadium,death,1.029403384308668,0.7188100504193006,1.1193103305286194
Westpac Stadium,middle,0.8637729389832932,1.1145232118410375,1.0765076507650762
Westpac Stadium,powerplay,0.9707447229150195,1.2971515082266898,1.049756083156152
"Windsor Park, Roseau",death,0.9225317648366972,0.957332329380097,1.3520606759387501
"Windsor Park, Roseau",middle,0.9601027295148661,0.9040014367085815,1.0682086658850387
"Windsor Park, Roseau",powerplay,0.8055256424378638,1.0062358976892802,1.1399237650123528
"Windsor Park, Roseau, Dominica",death,0.9331065606442417,1.2900864968309758,0.7352941176470588
"Windsor Park, Roseau, Dominica",middle,0.8638913841077126,0.775193798449613,0.9588028570298883
"Windsor Park, Roseau, Dominica",powerplay,1.081349906387926,0.9235323989437326,0.929707501028077
Zahur Ahmed Chowdhury Stadium,death,1.1279983325463971,0.8223060083263019,1.280043916247784
Zahur Ahmed Chowdhury Stadium,middle,1.1072478212434032,0.7106966885310448,1.0622208843619125
Zahur Ahmed Chowdhury Stadium,powerplay,1.0414677704997437,0.7596506243316882,1.0180110007176322
"Zahur Ahmed Chowdhury Stadium, Chattogram",death,1.1322499138624091,0.8333333333333333,0.8333333333333334
"Zahur Ahmed Chowdhury Stadium, Chattogram",middle,0.8904636021723896,0.8747250407329454,0.8962722359192438
"Zahur Ahmed Chowdhury Stadium, Chattogram",powerplay,0.8955713773550964,1.059246437693674,1.2519967228111444
"Zayed Cricket Stadium, Abu Dhabi",death,1.0307716984575923,0.8006882087000641,1.0074603053189808
"Zayed Cricket Stadium, Abu Dhabi",middle,1.0530828047950316,0.6499877035828401,0.9143244839472409
"Zayed Cricket Stadium, Abu Dhabi",powerplay,0.978999016260348,0.7460164895266397,0.9535238339659668
