player,balls_faced_events,legal_balls_bowled,t20i_matches,ipl_matches,played_both_t20i_and_ipl,ipl_only_50_plus,eligible,can_bowl,role
V Kohli,8197.0,339.0,112.0,282.0,True,False,True,True,All-rounder
RG Sharma,6884.0,382.0,147.0,281.0,True,False,True,True,All-rounder
DA Warner,5799.0,1.0,105.0,184.0,True,False,True,False,Batter
S Dhawan,5772.0,47.0,66.0,222.0,True,False,True,False,Batter
KL Rahul,4854.0,0.0,65.0,160.0,True,False,True,False,Batter
JC Buttler,4729.0,0.0,144.0,138.0,True,False,True,False,Batter
MS Dhoni,4563.0,0.0,94.0,277.0,True,False,True,False,Batter
SK Raina,4372.0,1102.0,75.0,204.0,True,False,True,True,All-rounder
CH Gayle,4130.0,752.0,78.0,141.0,True,False,True,True,All-rounder
SA Yadav,4063.0,9.0,100.0,179.0,True,False,True,False,Batter
AM Rahane,3975.0,5.0,20.0,212.0,True,False,True,False,Batter
Q de Kock,3923.0,0.0,99.0,118.0,True,False,True,False,Batter
F du Plessis,3903.0,10.0,45.0,154.0,True,False,True,False,Batter
SV Samson,3792.0,0.0,58.0,190.0,True,False,True,False,Batter
AB de Villiers,3714.0,0.0,73.0,183.0,True,False,True,False,Batter
KD Karthik,3647.0,0.0,55.0,257.0,True,False,True,False,Batter
RV Uthappa,3555.0,0.0,12.0,205.0,True,False,True,False,Batter
G Gambhir,3511.0,0.0,34.0,154.0,True,False,True,False,Batter
DA Miller,3432.0,0.0,128.0,152.0,True,False,True,False,Batter
SR Watson,3355.0,2487.0,58.0,145.0,True,False,True,True,All-rounder
MK Pandey,3334.0,0.0,39.0,180.0,True,False,True,False,Batter
SS Iyer,3222.0,8.0,50.0,147.0,True,False,True,False,Batter
Shubman Gill,3156.0,0.0,33.0,134.0,True,False,True,False,Batter
RR Pant,3105.0,0.0,68.0,139.0,True,False,True,False,Batter
GJ Maxwell,3086.0,1774.0,123.0,141.0,True,False,True,True,All-rounder
AT Rayudu,3083.0,0.0,6.0,204.0,True,False,True,False,Batter
KA Pollard,3074.0,1973.0,98.0,189.0,True,False,True,True,All-rounder
BB McCullum,3055.0,0.0,68.0,109.0,True,False,True,False,Batter
AJ Finch,3006.0,44.0,102.0,92.0,True,False,True,False,Batter
HH Pandya,2986.0,3089.0,126.0,162.0,True,False,True,True,All-rounder
KS Williamson,2838.0,70.0,86.0,79.0,True,False,True,True,All-rounder
Ishan Kishan,2838.0,1.0,42.0,134.0,True,False,True,False,Batter
RA Jadeja,2751.0,4812.0,67.0,267.0,True,False,True,True,All-rounder
N Pooran,2666.0,0.0,101.0,104.0,True,False,True,False,Batter
Yuvraj Singh,2586.0,1121.0,54.0,132.0,True,False,True,True,All-rounder
JP Duminy,2503.0,1001.0,77.0,83.0,True,False,True,True,All-rounder
SPD Smith,2458.0,186.0,66.0,103.0,True,False,True,True,All-rounder
EJG Morgan,2437.0,0.0,111.0,83.0,True,False,True,False,Batter
JH Kallis,2202.0,1745.0,23.0,98.0,True,False,True,True,All-rounder
PA Patel,2188.0,0.0,2.0,139.0,True,False,True,False,Batter
MR Marsh,2181.0,731.0,76.0,68.0,True,False,True,True,All-rounder
YK Pathan,2136.0,1282.0,21.0,174.0,True,False,True,True,All-rounder
WP Saha,2096.0,0.0,0.0,169.0,False,True,True,False,Batter
N Rana,2086.0,201.0,2.0,127.0,True,False,True,True,All-rounder
RD Gaikwad,2043.0,0.0,21.0,85.0,True,False,True,False,Batter
KC Sangakkara,2011.0,0.0,54.0,71.0,True,False,True,False,Batter
MP Stoinis,2007.0,1461.0,78.0,123.0,True,False,True,True,All-rounder
AD Russell,2000.0,2567.0,80.0,139.0,True,False,True,True,All-rounder
JM Bairstow,1939.0,0.0,75.0,52.0,True,False,True,False,Batter
DPMD Jayawardene,1931.0,0.0,51.0,80.0,True,False,True,False,Batter
AK Markram,1930.0,510.0,69.0,69.0,True,False,True,True,All-rounder
M Vijay,1909.0,36.0,8.0,106.0,True,False,True,False,Batter
SO Hetmyer,1872.0,0.0,76.0,94.0,True,False,True,False,Batter
MA Agarwal,1857.0,0.0,0.0,130.0,False,True,True,False,Batter
TM Dilshan,1826.0,397.0,74.0,51.0,True,False,True,True,All-rounder
LRPL Taylor,1820.0,12.0,99.0,55.0,True,False,True,False,Batter
AR Patel,1815.0,4375.0,84.0,177.0,True,False,True,True,All-rounder
DR Smith,1801.0,593.0,33.0,91.0,True,False,True,True,All-rounder
SE Marsh,1786.0,0.0,15.0,71.0,True,False,True,False,Batter
MEK Hussey,1763.0,6.0,38.0,59.0,True,False,True,False,Batter
MJ Guptill,1760.0,6.0,114.0,13.0,True,False,True,False,Batter
DJ Bravo,1731.0,3845.0,90.0,160.0,True,False,True,True,All-rounder
V Sehwag,1727.0,128.0,17.0,104.0,True,False,True,True,All-rounder
R Dravid,1717.0,0.0,1.0,89.0,True,False,True,False,Batter
Abhishek Sharma,1712.0,401.0,42.0,92.0,True,False,True,True,All-rounder
YBK Jaiswal,1698.0,4.0,19.0,82.0,True,False,True,False,Batter
SR Tendulkar,1675.0,45.0,1.0,78.0,True,False,True,False,Batter
D Padikkal,1655.0,0.0,2.0,90.0,True,False,True,False,Batter
LMP Simmons,1632.0,60.0,64.0,29.0,True,False,True,True,All-rounder
Tilak Varma,1610.0,35.0,41.0,68.0,True,False,True,False,Batter
Shakib Al Hasan,1600.0,2617.0,97.0,71.0,True,False,True,True,All-rounder
RA Tripathi,1590.0,6.0,5.0,100.0,True,False,True,False,Batter
S Dube,1553.0,349.0,51.0,92.0,True,False,True,True,All-rounder
H Klaasen,1522.0,6.0,53.0,64.0,True,False,True,False,Batter
AC Gilchrist,1471.0,1.0,13.0,80.0,True,False,True,False,Batter
DP Conway,1470.0,0.0,63.0,29.0,True,False,True,False,Batter
KH Pandya,1460.0,2839.0,19.0,158.0,True,False,True,True,All-rounder
R Powell,1455.0,103.0,109.0,39.0,True,False,True,True,All-rounder
P Nissanka,1415.0,0.0,79.0,10.0,True,False,True,False,Batter
B Sai Sudharsan,1376.0,0.0,1.0,57.0,True,False,True,False,Batter
DJ Hussey,1365.0,544.0,39.0,64.0,True,False,True,True,All-rounder
MM Ali,1364.0,1408.0,85.0,73.0,True,False,True,True,All-rounder
Mohammad Hafeez,1361.0,924.0,111.0,8.0,True,False,True,True,All-rounder
JJ Roy,1331.0,0.0,63.0,21.0,True,False,True,False,Batter
Mandeep Singh,1314.0,12.0,3.0,111.0,True,False,True,False,Batter
AD Mathews,1296.0,1467.0,83.0,49.0,True,False,True,True,All-rounder
TM Head,1284.0,79.0,45.0,53.0,True,False,True,True,All-rounder
AD Hales,1282.0,0.0,72.0,6.0,True,False,True,False,Batter
PD Salt,1266.0,0.0,53.0,40.0,True,False,True,False,Batter
MK Tiwary,1259.0,40.0,3.0,98.0,True,False,True,False,Batter
DJ Hooda,1254.0,420.0,20.0,125.0,True,False,True,True,All-rounder
R Parag,1218.0,332.0,9.0,97.0,True,False,True,True,All-rounder
KK Nair,1212.0,0.0,0.0,86.0,False,True,True,False,Batter
MDKJ Perera,1197.0,0.0,88.0,2.0,True,False,True,False,Batter
KP Pietersen,1193.0,195.0,37.0,36.0,True,False,True,True,All-rounder
Shoaib Malik,1176.0,318.0,108.0,7.0,True,False,True,True,All-rounder
PP Shaw,1171.0,0.0,1.0,79.0,True,False,True,False,Batter
E Lewis,1131.0,0.0,56.0,27.0,True,False,True,False,Batter
SS Tiwary,1122.0,0.0,0.0,92.0,False,True,True,False,Batter
CL White,1121.0,72.0,47.0,47.0,True,False,True,True,All-rounder
NV Ojha,1120.0,0.0,2.0,113.0,True,False,True,False,Batter
BKG Mendis,1103.0,0.0,96.0,1.0,True,False,True,False,Batter
BJ Hodge,1086.0,217.0,15.0,66.0,True,False,True,True,All-rounder
VR Iyer,1086.0,118.0,9.0,68.0,True,False,True,True,All-rounder
LS Livingstone,1083.0,728.0,55.0,51.0,True,False,True,True,All-rounder
MD Shanaka,1081.0,486.0,117.0,10.0,True,False,True,True,All-rounder
SC Ganguly,1080.0,261.0,0.0,59.0,False,True,True,True,All-rounder
TH David,1058.0,2.0,49.0,66.0,True,False,True,False,Batter
DJ Malan,1051.0,8.0,61.0,1.0,True,False,True,False,Batter
CA Lynn,1051.0,0.0,17.0,42.0,True,False,True,False,Batter
S Badrinath,1045.0,0.0,1.0,94.0,True,False,True,False,Batter
SP Narine,1039.0,5082.0,48.0,201.0,True,False,True,True,All-rounder
T Stubbs,1015.0,45.0,45.0,47.0,True,False,True,False,Batter
RK Singh,1002.0,7.0,37.0,72.0,True,False,True,False,Batter
SM Curran,994.0,1956.0,69.0,64.0,True,False,True,True,All-rounder
BA Stokes,963.0,1159.0,41.0,45.0,True,False,True,True,All-rounder
IK Pathan,961.0,2130.0,22.0,103.0,True,False,True,True,All-rounder
P Simran Singh,956.0,0.0,0.0,66.0,False,True,True,False,Batter
KM Jadhav,952.0,0.0,9.0,95.0,True,False,True,False,Batter
HM Amla,944.0,0.0,39.0,16.0,True,False,True,False,Batter
Liton Das,941.0,0.0,94.0,1.0,True,False,True,False,Batter
GC Smith,933.0,23.0,30.0,29.0,True,False,True,False,Batter
C Munro,928.0,95.0,65.0,13.0,True,False,True,True,All-rounder
DJ Mitchell,925.0,128.0,90.0,15.0,True,False,True,True,All-rounder
HH Gibbs,921.0,0.0,22.0,36.0,True,False,True,False,Batter
MC Henriques,906.0,959.0,24.0,62.0,True,False,True,True,All-rounder
V Shankar,903.0,290.0,9.0,78.0,True,False,True,True,All-rounder
GD Phillips,897.0,165.0,84.0,14.0,True,False,True,True,All-rounder
MS Wade,895.0,0.0,87.0,15.0,True,False,True,False,Batter
RM Patidar,876.0,0.0,0.0,57.0,False,True,True,False,Batter
TL Seifert,873.0,0.0,83.0,6.0,True,False,True,False,Batter
MN Samuels,856.0,538.0,62.0,15.0,True,False,True,True,All-rounder
ML Hayden,851.0,0.0,9.0,32.0,True,False,True,False,Batter
R Tewatia,844.0,815.0,0.0,124.0,False,True,True,True,All-rounder
JA Morkel,843.0,1930.0,46.0,90.0,True,False,True,True,All-rounder
RS Bopara,834.0,452.0,36.0,24.0,True,False,True,True,All-rounder
NLTC Perera,803.0,1371.0,78.0,37.0,True,False,True,True,All-rounder
M Vohra,790.0,0.0,0.0,56.0,False,True,True,False,Batter
A Symonds,784.0,578.0,14.0,39.0,True,False,True,True,All-rounder
R Ashwin,780.0,5271.0,59.0,219.0,True,False,True,True,All-rounder
SD Hope,774.0,0.0,64.0,9.0,True,False,True,False,Batter
C Green,767.0,616.0,23.0,43.0,True,False,True,True,All-rounder
A Badoni,764.0,39.0,0.0,66.0,False,True,True,False,Batter
ST Jayasuriya,747.0,499.0,29.0,30.0,True,False,True,True,All-rounder
Washington Sundar,740.0,1671.0,53.0,83.0,True,False,True,True,All-rounder
Sikandar Raza,730.0,584.0,71.0,9.0,True,False,True,True,All-rounder
GJ Bailey,722.0,0.0,29.0,40.0,True,False,True,False,Batter
Shahid Afridi,715.0,1594.0,91.0,10.0,True,False,True,True,All-rounder
HE van der Dussen,713.0,0.0,57.0,3.0,True,False,True,False,Batter
SE Rutherford,706.0,56.0,47.0,31.0,True,False,True,False,Batter
JO Holder,705.0,2494.0,88.0,57.0,True,False,True,True,All-rounder
Y Venugopal Rao,705.0,200.0,0.0,65.0,False,True,True,True,All-rounder
RR Rossouw,701.0,0.0,28.0,22.0,True,False,True,False,Batter
KR Mayers,689.0,101.0,37.0,13.0,True,False,True,True,All-rounder
MJ Santner,682.0,2247.0,122.0,35.0,True,False,True,True,All-rounder
Kamran Akmal,670.0,0.0,52.0,6.0,True,False,True,False,Batter
JM Sharma,664.0,0.0,12.0,71.0,True,False,True,False,Batter
STR Binny,653.0,555.0,3.0,95.0,True,False,True,True,All-rounder
JP Inglis,638.0,0.0,42.0,17.0,True,False,True,False,Batter
SW Billings,632.0,0.0,36.0,30.0,True,False,True,False,Batter
JD Ryder,624.0,268.0,21.0,29.0,True,False,True,True,All-rounder
Harbhajan Singh,616.0,3634.0,25.0,163.0,True,False,True,True,All-rounder
RD Rickelton,614.0,0.0,26.0,26.0,True,False,True,False,Batter
HC Brook,607.0,0.0,55.0,11.0,True,False,True,False,Batter
Dhruv Jurel,597.0,0.0,4.0,57.0,True,False,True,False,Batter
D Brevis,595.0,3.0,27.0,27.0,True,False,True,False,Batter
JE Root,585.0,81.0,31.0,3.0,True,False,True,True,All-rounder
CJ Anderson,583.0,499.0,30.0,30.0,True,False,True,True,All-rounder
R Shepherd,581.0,1116.0,78.0,33.0,True,False,True,True,All-rounder
OA Shah,577.0,0.0,16.0,23.0,True,False,True,False,Batter
Abdul Samad,568.0,56.0,5.0,71.0,True,False,True,False,Batter
PP Chawla,541.0,3635.0,7.0,192.0,True,False,True,True,All-rounder
MJ Lumb,525.0,0.0,26.0,12.0,True,False,True,False,Batter
WG Jacks,524.0,283.0,35.0,28.0,True,False,True,True,All-rounder
PJ Cummins,520.0,2488.0,54.0,80.0,True,False,True,True,All-rounder
R Ravindra,513.0,153.0,43.0,18.0,True,False,True,True,All-rounder
AM Nayar,503.0,198.0,0.0,60.0,False,True,True,True,All-rounder
JP Faulkner,500.0,1515.0,24.0,60.0,True,False,True,True,All-rounder
Shashank Singh,488.0,87.0,0.0,54.0,False,True,True,True,All-rounder
SN Khan,488.0,2.0,0.0,58.0,False,True,True,False,Batter
JEC Franklin,477.0,341.0,37.0,20.0,True,False,True,True,All-rounder
FH Allen,471.0,0.0,51.0,11.0,True,False,True,False,Batter
CH Morris,470.0,2020.0,22.0,81.0,True,False,True,True,All-rounder
CK Kapugedera,469.0,17.0,40.0,5.0,True,False,True,False,Batter
Shahbaz Ahmed,466.0,584.0,1.0,63.0,True,False,True,True,All-rounder
MV Boucher,466.0,0.0,23.0,31.0,True,False,True,False,Batter
Misbah-ul-Haq,462.0,0.0,34.0,8.0,True,False,True,False,Batter
PD Collingwood,459.0,221.0,34.0,8.0,True,False,True,True,All-rounder
DJG Sammy,458.0,762.0,65.0,22.0,True,False,True,True,All-rounder
M Shahrukh Khan,457.0,14.0,0.0,64.0,False,True,True,False,Batter
Nithish Kumar Reddy,453.0,304.0,4.0,42.0,True,False,True,True,All-rounder
C de Grandhomme,446.0,377.0,41.0,25.0,True,False,True,True,All-rounder
Salman Butt,445.0,0.0,19.0,7.0,True,False,True,False,Batter
SB Styris,443.0,385.0,29.0,12.0,True,False,True,True,All-rounder
PWH de Silva,440.0,1881.0,83.0,37.0,True,False,True,True,All-rounder
JDS Neesham,437.0,646.0,90.0,14.0,True,False,True,True,All-rounder
J Botha,432.0,1191.0,39.0,34.0,True,False,True,True,All-rounder
B Kumar,427.0,5339.0,83.0,206.0,True,False,True,True,All-rounder
PBB Rajapaksa,426.0,0.0,36.0,13.0,True,False,True,False,Batter
DJM Short,423.0,77.0,22.0,7.0,True,False,True,True,All-rounder
M Manhas,412.0,42.0,0.0,55.0,False,True,True,False,Batter
DT Christian,407.0,1003.0,23.0,49.0,True,False,True,True,All-rounder
A Mishra,399.0,3278.0,10.0,162.0,True,False,True,True,All-rounder
MJ Clarke,398.0,163.0,34.0,6.0,True,False,True,True,All-rounder
Rashid Khan,388.0,3342.0,0.0,153.0,False,True,True,True,All-rounder
JG Bethell,384.0,72.0,28.0,9.0,True,False,True,True,All-rounder
LJ Wright,369.0,311.0,49.0,7.0,True,False,True,True,All-rounder
K Rabada,368.0,3375.0,70.0,101.0,True,False,True,True,All-rounder
JDP Oram,353.0,534.0,34.0,18.0,True,False,True,True,All-rounder
CJ Jordan,349.0,2115.0,90.0,34.0,True,False,True,True,All-rounder
JR Hopes,325.0,473.0,12.0,21.0,True,False,True,True,All-rounder
F Behardien,320.0,23.0,38.0,3.0,True,False,True,False,Batter
DM Bravo,318.0,0.0,26.0,1.0,True,False,True,False,Batter
PHKD Mendis,304.0,137.0,41.0,5.0,True,False,True,True,All-rounder
M Jansen,303.0,1382.0,24.0,49.0,True,False,True,True,All-rounder
RT Ponting,300.0,0.0,17.0,10.0,True,False,True,False,Batter
MW Short,299.0,87.0,24.0,9.0,True,False,True,True,All-rounder
Kuldeep Yadav,297.0,2838.0,49.0,111.0,True,False,True,True,All-rounder
P Kumar,297.0,2389.0,9.0,119.0,True,False,True,True,All-rounder
CR Brathwaite,292.0,710.0,36.0,16.0,True,False,True,True,All-rounder
JC Archer,282.0,2114.0,38.0,68.0,True,False,True,True,All-rounder
P Negi,281.0,700.0,0.0,50.0,False,True,True,True,All-rounder
KV Sharma,277.0,1486.0,1.0,90.0,True,False,True,True,All-rounder
HV Patel,271.0,2756.0,25.0,123.0,True,False,True,True,All-rounder
R Bhatia,271.0,1474.0,0.0,95.0,False,True,True,True,All-rounder
SN Thakur,270.0,2467.0,23.0,114.0,True,False,True,True,All-rounder
CA Ingram,270.0,0.0,9.0,15.0,True,False,True,False,Batter
RR Sarwan,260.0,7.0,18.0,4.0,True,False,True,False,Batter
T Banton,256.0,0.0,32.0,2.0,True,False,True,False,Batter
BJ Haddin,251.0,0.0,34.0,1.0,True,False,True,False,Batter
DL Vettori,248.0,1279.0,33.0,34.0,True,False,True,True,All-rounder
MN van Wyk,248.0,0.0,7.0,5.0,True,False,True,False,Batter
NL McCullum,245.0,719.0,61.0,2.0,True,False,True,True,All-rounder
R Vinay Kumar,241.0,2001.0,9.0,104.0,True,False,True,True,All-rounder
S Chanderpaul,241.0,0.0,22.0,3.0,True,False,True,False,Batter
WD Parnell,232.0,1381.0,54.0,33.0,True,False,True,True,All-rounder
Younis Khan,230.0,0.0,20.0,1.0,True,False,True,False,Batter
TG Southee,227.0,2853.0,118.0,54.0,True,False,True,True,All-rounder
UT Yadav,222.0,3054.0,9.0,148.0,True,False,True,True,All-rounder
L Ronchi,221.0,0.0,31.0,5.0,True,False,True,False,Batter
JR Philippe,218.0,0.0,17.0,5.0,True,False,True,False,Batter
MG Johnson,216.0,1604.0,30.0,54.0,True,False,True,True,All-rounder
D Ferreira,216.0,48.0,15.0,18.0,True,False,True,False,Batter
SL Malinga,215.0,3867.0,80.0,122.0,True,False,True,True,All-rounder
AC Voges,210.0,54.0,7.0,9.0,True,False,True,False,Batter
FA Allen,204.0,547.0,38.0,5.0,True,False,True,True,All-rounder
C Connolly,204.0,38.0,10.0,14.0,True,False,True,False,Batter
LA Pomersbach,203.0,0.0,1.0,17.0,True,False,True,False,Batter
UT Khawaja,203.0,0.0,9.0,6.0,True,False,True,False,Batter
AJ Hosein,200.0,1368.0,88.0,8.0,True,False,True,True,All-rounder
MG Bracewell,199.0,316.0,43.0,5.0,True,False,True,True,All-rounder
SP Fleming,198.0,0.0,5.0,10.0,True,False,True,False,Batter
MA Starc,190.0,2053.0,63.0,58.0,True,False,True,True,All-rounder
J Fraser-McGurk,187.0,0.0,5.0,15.0,True,False,True,False,Batter
AU Rashid,184.0,2063.0,135.0,3.0,True,False,True,True,All-rounder
Harpreet Brar,183.0,811.0,0.0,51.0,False,True,True,True,All-rounder
Mohammad Ashraful,182.0,95.0,19.0,1.0,True,False,True,True,All-rounder
R Dhawan,180.0,622.0,1.0,39.0,True,False,True,True,All-rounder
AT Carey,176.0,0.0,41.0,3.0,True,False,True,False,Batter
DJ Willey,171.0,706.0,42.0,11.0,True,False,True,True,All-rounder
PVD Chameera,170.0,1387.0,71.0,21.0,True,False,True,True,All-rounder
JD Unadkat,168.0,2246.0,10.0,116.0,True,False,True,True,All-rounder
D Wiese,168.0,581.0,19.0,18.0,True,False,True,True,All-rounder
SM Katich,168.0,0.0,3.0,11.0,True,False,True,False,Batter
RE van der Merwe,167.0,606.0,11.0,21.0,True,False,True,True,All-rounder
SK Warne,163.0,1048.0,0.0,55.0,False,True,True,True,All-rounder
Sohail Tanvir,162.0,987.0,54.0,11.0,True,False,True,True,All-rounder
Ramandeep Singh,158.0,69.0,2.0,38.0,True,False,True,True,All-rounder
S Gopal,157.0,983.0,0.0,52.0,False,True,True,True,All-rounder
DW Steyn,156.0,2598.0,44.0,95.0,True,False,True,True,All-rounder
AD Mascarenhas,154.0,440.0,14.0,13.0,True,False,True,True,All-rounder
IS Sodhi,150.0,1674.0,133.0,8.0,True,False,True,True,All-rounder
BCJ Cutting,150.0,328.0,4.0,21.0,True,False,True,True,All-rounder
D Pretorius,148.0,475.0,30.0,7.0,True,False,True,True,All-rounder
GF Linde,148.0,329.0,35.0,3.0,True,False,True,True,All-rounder
Umar Gul,146.0,970.0,55.0,6.0,True,False,True,True,All-rounder
CR Woakes,145.0,812.0,32.0,21.0,True,False,True,True,All-rounder
R McLaren,145.0,457.0,12.0,18.0,True,False,True,True,All-rounder
KMA Paul,143.0,394.0,20.0,8.0,True,False,True,True,All-rounder
TK Curran,142.0,625.0,30.0,13.0,True,False,True,True,All-rounder
Mohammed Siraj,141.0,2666.0,15.0,125.0,True,False,True,True,All-rounder
OF Smith,141.0,336.0,26.0,6.0,True,False,True,True,All-rounder
Z Khan,139.0,2213.0,15.0,99.0,True,False,True,True,All-rounder
B Lee,139.0,1110.0,25.0,38.0,True,False,True,True,All-rounder
AB Agarkar,139.0,747.0,3.0,42.0,True,False,True,True,All-rounder
I Udana,139.0,608.0,34.0,10.0,True,False,True,True,All-rounder
JM Kemp,139.0,32.0,7.0,5.0,True,False,True,False,Batter
MF Maharoof,135.0,468.0,7.0,20.0,True,False,True,True,All-rounder
MM Sharma,133.0,2309.0,8.0,120.0,True,False,True,True,All-rounder
Mashrafe Mortaza,132.0,588.0,43.0,1.0,True,False,True,True,All-rounder
M Theekshana,131.0,1658.0,73.0,38.0,True,False,True,True,All-rounder
AS Joseph,131.0,1123.0,40.0,22.0,True,False,True,True,All-rounder
BMAJ Mendis,131.0,144.0,22.0,3.0,True,False,True,True,All-rounder
T Taibu,131.0,24.0,13.0,3.0,True,False,True,False,Batter
NM Coulter-Nile,130.0,1232.0,27.0,39.0,True,False,True,True,All-rounder
KMDN Kulasekara,130.0,823.0,54.0,5.0,True,False,True,True,All-rounder
SM Pollock,129.0,343.0,11.0,13.0,True,False,True,True,All-rounder
BJ Rohrer,129.0,6.0,1.0,8.0,True,False,True,False,Batter
RE Levi,129.0,0.0,13.0,6.0,True,False,True,False,Batter
J Overton,128.0,375.0,22.0,13.0,True,False,True,True,All-rounder
AJ Tye,126.0,1080.0,31.0,30.0,True,False,True,True,All-rounder
RJ Peterson,126.0,313.0,20.0,5.0,True,False,True,True,All-rounder
TA Boult,125.0,3402.0,54.0,124.0,True,False,True,True,All-rounder
LPC Silva,123.0,2.0,15.0,3.0,True,False,True,False,Batter
DL Chahar,122.0,2292.0,24.0,103.0,True,False,True,True,All-rounder
Mustafizur Rahman,119.0,2519.0,100.0,60.0,True,False,True,True,All-rounder
RD Chahar,119.0,1680.0,5.0,80.0,True,False,True,True,All-rounder
KA Jamieson,115.0,628.0,28.0,15.0,True,False,True,True,All-rounder
M Klinger,113.0,0.0,3.0,4.0,True,False,True,False,Batter
LG Pretorius,111.0,0.0,12.0,2.0,True,False,True,False,Batter
KA Maharaj,109.0,767.0,48.0,2.0,True,False,True,True,All-rounder
G Coetzee,109.0,475.0,17.0,14.0,True,False,True,True,All-rounder
Mohammed Shami,108.0,3039.0,21.0,132.0,True,False,True,True,All-rounder
Ravi Bishnoi,104.0,2196.0,39.0,86.0,True,False,True,True,All-rounder
CJ Ferguson,103.0,0.0,3.0,9.0,True,False,True,False,Batter
C Bosch,101.0,385.0,20.0,9.0,True,False,True,True,All-rounder
DS Kulkarni,100.0,1658.0,2.0,92.0,True,False,True,True,All-rounder
JJ Bumrah,99.0,4555.0,85.0,158.0,True,False,True,True,Bowler
Arshdeep Singh,98.0,2898.0,71.0,97.0,True,False,True,True,Bowler
RJ Harris,98.0,783.0,3.0,37.0,True,False,True,True,Bowler
M Morkel,97.0,2080.0,40.0,70.0,True,False,True,True,Bowler
YS Chahal,95.0,5026.0,79.0,189.0,True,False,True,True,Bowler
M Kartik,95.0,1051.0,1.0,56.0,True,False,True,True,Bowler
A Flintoff,93.0,177.0,7.0,3.0,True,False,True,True,Bowler
WPUJC Vaas,91.0,322.0,5.0,13.0,True,False,True,True,Bowler
DR Sams,90.0,502.0,10.0,16.0,True,False,True,True,Bowler
AJ Turner,89.0,16.0,19.0,6.0,True,False,True,False,Batter
A Nortje,87.0,1702.0,41.0,49.0,True,False,True,True,Bowler
A Nehra,84.0,2061.0,26.0,88.0,True,False,True,True,Bowler
LH Ferguson,84.0,1638.0,46.0,52.0,True,False,True,True,Bowler
J Little,84.0,595.0,34.0,11.0,True,False,True,True,Bowler
S Nadeem,83.0,1323.0,0.0,72.0,False,True,True,True,Bowler
Harshit Rana,83.0,726.0,8.0,33.0,True,False,True,True,Bowler
AF Milne,80.0,783.0,53.0,11.0,True,False,True,True,Bowler
PWA Mulder,80.0,52.0,15.0,1.0,True,False,True,False,Batter
BR Dunk,80.0,0.0,5.0,3.0,True,False,True,False,Batter
Sandeep Sharma,77.0,2962.0,2.0,142.0,True,False,True,True,Bowler
A Zampa,77.0,1942.0,105.0,22.0,True,False,True,True,Bowler
NT Ellis,77.0,815.0,32.0,17.0,True,False,True,True,Bowler
RP Singh,76.0,1721.0,9.0,82.0,True,False,True,True,Bowler
MJ McClenaghan,76.0,1640.0,27.0,56.0,True,False,True,True,Bowler
A Dananjaya,74.0,533.0,32.0,1.0,True,False,True,True,Bowler
TR Birt,74.0,0.0,4.0,5.0,True,False,True,False,Batter
JL Denly,73.0,49.0,13.0,1.0,True,False,True,False,Batter
Shivam Mavi,72.0,699.0,6.0,32.0,True,False,True,True,Bowler
SMSM Senanayake,71.0,534.0,23.0,8.0,True,False,True,True,Bowler
S Badree,68.0,799.0,45.0,12.0,True,False,True,True,Bowler
MJ Owen,67.0,20.0,15.0,1.0,True,False,True,False,Batter
I Sharma,66.0,2420.0,14.0,117.0,True,False,True,True,Bowler
R Sharma,66.0,898.0,2.0,44.0,True,False,True,True,Bowler
JE Taylor,66.0,554.0,27.0,5.0,True,False,True,True,Bowler
DAJ Bracewell,65.0,201.0,20.0,1.0,True,False,True,True,Bowler
CV Varun,64.0,2537.0,40.0,94.0,True,False,True,True,Bowler
JA Richardson,64.0,319.0,18.0,4.0,True,False,True,True,Bowler
AB Dinda,62.0,1432.0,9.0,78.0,True,False,True,True,Bowler
L Ngidi,62.0,1376.0,61.0,28.0,True,False,True,True,Bowler
SA Abbott,62.0,396.0,26.0,3.0,True,False,True,True,Bowler
VR Aaron,61.0,912.0,0.0,52.0,False,True,True,True,Bowler
R Rampaul,57.0,591.0,27.0,12.0,True,False,True,True,Bowler
AB Barath,57.0,0.0,2.0,3.0,True,False,True,False,Batter
SK Trivedi,56.0,1301.0,0.0,76.0,False,True,True,True,Bowler
KW Richardson,56.0,856.0,35.0,15.0,True,False,True,True,Bowler
OC McCoy,54.0,676.0,39.0,8.0,True,False,True,True,Bowler
BJ Dwarshuis,54.0,249.0,15.0,1.0,True,False,True,True,Bowler
L Balaji,50.0,1370.0,4.0,73.0,True,False,True,True,Bowler
MP Breetzke,50.0,0.0,13.0,1.0,True,False,True,False,Batter
Imran Tahir,49.0,1853.0,33.0,59.0,True,False,True,True,Bowler
S Sreesanth,48.0,936.0,9.0,44.0,True,False,True,True,Bowler
TD Paine,48.0,0.0,10.0,2.0,True,False,True,False,Batter
Avesh Khan,47.0,1903.0,22.0,82.0,True,False,True,True,Bowler
S Aravind,47.0,741.0,1.0,38.0,True,False,True,True,Bowler
JJ van der Wath,47.0,169.0,7.0,3.0,True,False,True,True,Bowler
DR Martyn,47.0,0.0,4.0,1.0,True,False,True,False,Batter
GB Hogg,46.0,631.0,15.0,21.0,True,False,True,True,Bowler
PP Ojha,45.0,1794.0,6.0,92.0,True,False,True,True,Bowler
XC Bartlett,45.0,406.0,18.0,13.0,True,False,True,True,Bowler
Abdur Razzak,45.0,366.0,24.0,1.0,True,False,True,True,Bowler
PSP Handscomb,45.0,0.0,2.0,2.0,True,False,True,False,Batter
Noor Ahmad,43.0,968.0,0.0,51.0,False,True,True,True,Bowler
Navdeep Saini,41.0,799.0,10.0,33.0,True,False,True,True,Bowler
C Sakariya,41.0,433.0,2.0,20.0,True,False,True,True,Bowler
JR Hazlewood,40.0,1968.0,56.0,52.0,True,False,True,True,Bowler
NJ Maddinson,39.0,0.0,6.0,3.0,True,False,True,False,Batter
MA Wood,38.0,684.0,35.0,5.0,True,False,True,True,Bowler
S Kaul,35.0,1189.0,3.0,55.0,True,False,True,True,Bowler
CJ McKay,35.0,144.0,6.0,2.0,True,False,True,True,Bowler
MM Patel,34.0,1217.0,3.0,63.0,True,False,True,True,Bowler
M Markande,34.0,725.0,1.0,40.0,True,False,True,True,Bowler
JW Hastings,34.0,210.0,9.0,3.0,True,False,True,True,Bowler
B Muzarabani,32.0,506.0,53.0,2.0,True,False,True,True,Bowler
LE Plunkett,32.0,491.0,21.0,7.0,True,False,True,True,Bowler
J Theron,32.0,313.0,9.0,10.0,True,False,True,True,Bowler
M Prasidh Krishna,31.0,1663.0,5.0,78.0,True,False,True,True,Bowler
TU Deshpande,31.0,1011.0,2.0,53.0,True,False,True,True,Bowler
SW Tait,31.0,735.0,21.0,21.0,True,False,True,True,Bowler
SB Jakati,30.0,962.0,0.0,59.0,False,True,True,True,Bowler
Joginder Sharma,30.0,305.0,4.0,16.0,True,False,True,True,Bowler
M Ntini,29.0,304.0,10.0,9.0,True,False,True,True,Bowler
MJ Henry,28.0,588.0,38.0,9.0,True,False,True,True,Bowler
TS Mills,28.0,446.0,15.0,10.0,True,False,True,True,Bowler
KJ Abbott,28.0,440.0,20.0,5.0,True,False,True,True,Bowler
JA Duffy,25.0,566.0,44.0,6.0,True,False,True,True,Bowler
DE Bollinger,24.0,676.0,9.0,27.0,True,False,True,True,Bowler
Parvez Rasool,24.0,212.0,1.0,11.0,True,False,True,True,Bowler
Mukesh Kumar,23.0,950.0,14.0,42.0,True,False,True,True,Bowler
SS Cottrell,23.0,796.0,42.0,6.0,True,False,True,True,Bowler
M Muralitharan,22.0,1570.0,12.0,66.0,True,False,True,True,Bowler
T Shamsi,21.0,1065.0,67.0,5.0,True,False,True,True,Bowler
BAW Mendis,21.0,841.0,36.0,10.0,True,False,True,True,Bowler
DP Nannes,20.0,770.0,15.0,29.0,True,False,True,True,Bowler
JP Behrendorff,19.0,615.0,17.0,17.0,True,False,True,True,Bowler
RJW Topley,19.0,553.0,32.0,6.0,True,False,True,True,Bowler
SE Bond,19.0,452.0,19.0,8.0,True,False,True,True,Bowler
M Pathirana,18.0,858.0,22.0,33.0,True,False,True,True,Bowler
SC Kuggeleijn,18.0,258.0,18.0,2.0,True,False,True,True,Bowler
T Thushara,17.0,209.0,5.0,6.0,True,False,True,True,Bowler
T Henderson,17.0,38.0,1.0,2.0,True,False,True,False,Batter
Umran Malik,16.0,558.0,8.0,26.0,True,False,True,True,Bowler
BE Hendricks,16.0,326.0,18.0,7.0,True,False,True,True,Bowler
JL Pattinson,16.0,269.0,4.0,10.0,True,False,True,True,Bowler
RW Price,16.0,264.0,12.0,1.0,True,False,True,True,Bowler
CJ Dala,16.0,117.0,10.0,1.0,True,False,True,True,Bowler
KT Maphaka,15.0,289.0,17.0,4.0,True,False,True,True,Bowler
LB Williams,15.0,180.0,19.0,2.0,True,False,True,True,Bowler
P Awana,14.0,727.0,2.0,33.0,True,False,True,True,Bowler
FH Edwards,14.0,470.0,26.0,6.0,True,False,True,True,Bowler
GD McGrath,14.0,256.0,2.0,14.0,True,False,True,True,Bowler
SM Harwood,14.0,103.0,3.0,3.0,True,False,True,True,Bowler
CRD Fernando,13.0,439.0,15.0,10.0,True,False,True,True,Bowler
B Laughlin,13.0,230.0,3.0,9.0,True,False,True,True,Bowler
BB Sran,12.0,472.0,2.0,24.0,True,False,True,True,Bowler
AA Noffke,12.0,55.0,2.0,1.0,True,False,True,False,Batter
KK Ahmed,11.0,1818.0,18.0,76.0,True,False,True,True,Bowler
N Thushara,11.0,357.0,25.0,8.0,True,False,True,True,Bowler
Shoaib Akhtar,11.0,217.0,13.0,3.0,True,False,True,True,Bowler
KAJ Roach,11.0,172.0,11.0,2.0,True,False,True,True,Bowler
E Malinga,10.0,496.0,11.0,22.0,True,False,True,True,Bowler
R Sai Kishore,10.0,409.0,1.0,28.0,True,False,True,True,Bowler
CK Langeveldt,10.0,212.0,8.0,7.0,True,False,True,True,Bowler
N Burger,9.0,381.0,7.0,18.0,True,False,True,True,Bowler
Mohammad Asif,9.0,308.0,10.0,8.0,True,False,True,True,Bowler
SH Johnson,9.0,301.0,8.0,12.0,True,False,True,True,Bowler
L Wood,9.0,187.0,15.0,2.0,True,False,True,True,Bowler
O Thomas,8.0,370.0,21.0,4.0,True,False,True,True,Bowler
B Stanlake,8.0,331.0,18.0,6.0,True,False,True,True,Bowler
S Joseph,8.0,267.0,20.0,1.0,True,False,True,True,Bowler
GHS Garton,8.0,108.0,1.0,5.0,True,False,True,True,Bowler
BW Hilfenhaus,7.0,440.0,7.0,17.0,True,False,True,True,Bowler
D Madushanka,7.0,211.0,18.0,1.0,True,False,True,True,Bowler
S Randiv,6.0,241.0,7.0,8.0,True,False,True,True,Bowler
RJ Gleeson,6.0,141.0,6.0,3.0,True,False,True,True,Bowler
T Natarajan,5.0,1525.0,4.0,74.0,True,False,True,True,Bowler
HF Gurney,5.0,197.0,2.0,8.0,True,False,True,True,Bowler
SSB Magala,5.0,60.0,6.0,2.0,True,False,True,True,Bowler
V Viyaskanth,5.0,56.0,1.0,3.0,True,False,True,False,Batter
S Tyagi,4.0,175.0,1.0,14.0,True,False,True,True,Bowler
RP Meredith,3.0,488.0,5.0,18.0,True,False,True,True,Bowler
CJ Green,3.0,41.0,1.0,1.0,True,False,True,False,Batter
M de Lange,2.0,236.0,6.0,5.0,True,False,True,True,Bowler
MP Yadav,2.0,171.0,3.0,10.0,True,False,True,True,Bowler
K Santokie,0.0,219.0,12.0,2.0,True,False,True,True,Bowler
YA Abdulla,0.0,217.0,2.0,11.0,True,False,True,True,Bowler
S Sandeep Warrier,0.0,169.0,1.0,10.0,True,False,True,True,Bowler
SM Boland,0.0,92.0,3.0,2.0,True,False,True,True,Bowler
W O'Rourke,0.0,80.0,7.0,3.0,True,False,True,True,Bowler
B Geeves,0.0,63.0,1.0,2.0,True,False,True,True,Bowler
A Nel,0.0,38.0,2.0,1.0,True,False,True,False,Batter
