player,ipl_matches,t20i_matches,played_both_t20i_and_ipl,ipl_only_50_plus,eligible
A Ashish Reddy,31.0,0.0,False,False,False
A Athanaze,0.0,14.0,False,False,False
A Badoni,66.0,0.0,False,True,True
A Balbirnie,0.0,41.0,False,False,False
A Chandila,12.0,0.0,False,False,False
A Chopra,7.0,0.0,False,False,False
A Choudhary,5.0,0.0,False,False,False
A Dananjaya,1.0,32.0,True,False,True
A Flintoff,3.0,7.0,True,False,True
A Kamboj,25.0,0.0,False,False,False
A Khan,0.0,1.0,False,False,False
A Kumble,42.0,0.0,False,False,False
A Manohar,27.0,0.0,False,False,False
A Martin,0.0,1.0,False,False,False
A Mhatre,13.0,0.0,False,False,False
A Mishra,162.0,10.0,True,False,True
A Mithun,16.0,0.0,False,False,False
A Mukund,3.0,0.0,False,False,False
A Ndlovu,0.0,3.0,False,False,False
A Nehra,88.0,26.0,True,False,True
A Nel,1.0,2.0,True,False,True
A Nortje,49.0,41.0,True,False,True
A Raghuvanshi,35.0,0.0,False,False,False
A Shahzad,0.0,3.0,False,False,False
A Simelane,0.0,9.0,False,False,False
A Singh,23.0,0.0,False,False,False
A Symonds,39.0,14.0,True,False,True
A Tomar,1.0,0.0,False,False,False
A Uniyal,2.0,0.0,False,False,False
A Zampa,22.0,105.0,True,False,True
AA Bilakhia,7.0,0.0,False,False,False
AA Chavan,13.0,0.0,False,False,False
AA Jangoo,0.0,3.0,False,False,False
AA Jhunjhunwala,21.0,0.0,False,False,False
AA Kazi,1.0,0.0,False,False,False
AA Kulkarni,4.0,0.0,False,False,False
AA Noffke,1.0,2.0,True,False,True
AAP Atkinson,0.0,4.0,False,False,False
AB Agarkar,42.0,3.0,True,False,True
AB Barath,3.0,2.0,True,False,True
AB Dinda,78.0,9.0,True,False,True
AB McDonald,10.0,0.0,False,False,False
AB de Villiers,183.0,73.0,True,False,True
AC Agar,0.0,46.0,False,False,False
AC Blizzard,7.0,0.0,False,False,False
AC Botha,0.0,5.0,False,False,False
AC Gilchrist,80.0,13.0,True,False,True
AC Thomas,15.0,0.0,False,False,False
AC Voges,9.0,7.0,True,False,True
ACL Richards,0.0,1.0,False,False,False
AD Hales,6.0,72.0,True,False,True
AD Mascarenhas,13.0,14.0,True,False,True
AD Mathews,49.0,83.0,True,False,True
AD Nath,14.0,0.0,False,False,False
AD Poynter,0.0,4.0,False,False,False
AD Russell,139.0,80.0,True,False,True
ADS Fletcher,0.0,58.0,False,False,False
AF Milne,11.0,53.0,True,False,True
AG Cremer,0.0,30.0,False,False,False
AG Murtaza,12.0,0.0,False,False,False
AG Paunikar,5.0,0.0,False,False,False
AG Prince,0.0,1.0,False,False,False
AJ Finch,92.0,102.0,True,False,True
AJ Hall,0.0,2.0,False,False,False
AJ Hosein,8.0,88.0,True,False,True
AJ McKay,0.0,2.0,False,False,False
AJ Redmond,0.0,7.0,False,False,False
AJ Strauss,0.0,4.0,False,False,False
AJ Turner,6.0,19.0,True,False,True
AJ Tye,30.0,31.0,True,False,True
AK Kitchen,0.0,5.0,False,False,False
AK Markram,69.0,69.0,True,False,True
AK Perera,0.0,6.0,False,False,False
AL Menaria,29.0,0.0,False,False,False
AL Phehlukwayo,0.0,42.0,False,False,False
AM Blignaut,0.0,1.0,False,False,False
AM Ellis,0.0,5.0,False,False,False
AM Fernando,0.0,6.0,False,False,False
AM Ghazanfar,11.0,0.0,False,False,False
AM Hardie,0.0,14.0,False,False,False
AM McCarthy,0.0,1.0,False,False,False
AM Nayar,60.0,0.0,False,True,True
AM Phangiso,0.0,16.0,False,False,False
AM Rahane,212.0,20.0,True,False,True
AM Salvi,7.0,0.0,False,False,False
AN Ahmed,17.0,0.0,False,False,False
AN Cook,0.0,4.0,False,False,False
AN Ghosh,2.0,0.0,False,False,False
AN Petersen,0.0,2.0,False,False,False
AP Devcich,0.0,4.0,False,False,False
AP Dole,3.0,0.0,False,False,False
AP Majumdar,4.0,0.0,False,False,False
AP Tare,35.0,0.0,False,False,False
AR Adams,0.0,4.0,False,False,False
AR Bawne,1.0,0.0,False,False,False
AR Cusack,0.0,13.0,False,False,False
AR McBrine,0.0,7.0,False,False,False
AR Nurse,0.0,12.0,False,False,False
AR Patel,177.0,84.0,True,False,True
AR White,0.0,3.0,False,False,False
AS Joseph,22.0,40.0,True,False,True
AS Rajpoot,29.0,0.0,False,False,False
AS Raut,22.0,0.0,False,False,False
AS Roy,25.0,0.0,False,False,False
AS Yadav,8.0,0.0,False,False,False
AT Carey,3.0,41.0,True,False,True
AT Rayudu,204.0,6.0,True,False,True
AU Rashid,3.0,135.0,True,False,True
AUK Pathan,8.0,0.0,False,False,False
AWJ Auguste,0.0,7.0,False,False,False
AY Patel,0.0,7.0,False,False,False
Aamer Jamal,0.0,4.0,False,False,False
Aamer Yamin,0.0,2.0,False,False,False
Abbas Afridi,0.0,24.0,False,False,False
Abdul Basith,1.0,0.0,False,False,False
Abdul Razzaq,0.0,31.0,False,False,False
Abdul Samad,71.0,5.0,True,False,True
Abdullah Shafique,0.0,3.0,False,False,False
Abdur Razzak,1.0,24.0,True,False,True
Abdur Rehman,0.0,6.0,False,False,False
Abhinandan Singh,3.0,0.0,False,False,False
Abhishek Sharma,92.0,42.0,True,False,True
Abishek Porel,36.0,0.0,False,False,False
Abrar Ahmed,0.0,32.0,False,False,False
Abu Hider,0.0,10.0,False,False,False
Abu Jayed,0.0,1.0,False,False,False
Abul Hasan,0.0,2.0,False,False,False
Afif Hossain,0.0,57.0,False,False,False
Aftab Ahmed,0.0,9.0,False,False,False
Agha Salman,0.0,41.0,False,False,False
Ahmed Daniyal,0.0,2.0,False,False,False
Ahmed Shehzad,0.0,53.0,False,False,False
Ahsan Ali,0.0,2.0,False,False,False
Aizaz Cheema,0.0,5.0,False,False,False
Akash Deep,14.0,0.0,False,False,False
Akash Madhwal,17.0,0.0,False,False,False
Akash Singh,12.0,0.0,False,False,False
Akshat Raghuwanshi,3.0,0.0,False,False,False
Al-Amin Hossain,0.0,25.0,False,False,False
Alok Kapali,0.0,6.0,False,False,False
Aman Hakim Khan,12.0,0.0,False,False,False
Aminul Islam,0.0,10.0,False,False,False
Anamul Haque,0.0,16.0,False,False,False
Anand Rajan,8.0,0.0,False,False,False
Aniket Verma,24.0,0.0,False,False,False
Anirudh Singh,5.0,0.0,False,False,False
Ankit Sharma,22.0,0.0,False,False,False
Ankit Soni,7.0,0.0,False,False,False
Anmolpreet Singh,9.0,0.0,False,False,False
Anuj Rawat,24.0,0.0,False,False,False
Anureet Singh,23.0,0.0,False,False,False
Anwar Ali,0.0,15.0,False,False,False
Arafat Minhas,0.0,2.0,False,False,False
Arafat Sunny,0.0,9.0,False,False,False
Ariful Haque,0.0,8.0,False,False,False
Arjun Tendulkar,6.0,0.0,False,False,False
Arshad Iqbal,0.0,2.0,False,False,False
Arshad Khan,26.0,0.0,False,False,False
Arshad Khan (2),1.0,0.0,False,False,False
Arshdeep Singh,97.0,71.0,True,False,True
Asad Ali,0.0,2.0,False,False,False
Asad Shafiq,0.0,10.0,False,False,False
Ashok Sharma,6.0,0.0,False,False,False
Ashutosh Sharma,32.0,0.0,False,False,False
Ashwani Kumar,10.0,0.0,False,False,False
Asif Ali,0.0,49.0,False,False,False
Atharva Taide,10.0,0.0,False,False,False
Auqib Nabi,5.0,0.0,False,False,False
Avesh Khan,82.0,22.0,True,False,True
Awais Zia,0.0,5.0,False,False,False
Azam Khan,0.0,11.0,False,False,False
Azhar Mahmood,23.0,0.0,False,False,False
Azmatullah Omarzai,20.0,0.0,False,False,False
B Akhil,15.0,0.0,False,False,False
B Chipli,23.0,0.0,False,False,False
B Evans,0.0,17.0,False,False,False
B Fernando,0.0,22.0,False,False,False
B Geeves,2.0,1.0,True,False,True
B Indrajith,3.0,0.0,False,False,False
B Kumar,206.0,83.0,True,False,True
B Laughlin,9.0,3.0,True,False,True
B Lee,38.0,25.0,True,False,True
B Mavuta,0.0,5.0,False,False,False
B Muzarabani,2.0,53.0,True,False,True
B Sai Sudharsan,57.0,1.0,True,False,True
B Stanlake,6.0,18.0,True,False,True
B Sumanth,5.0,0.0,False,False,False
B White,0.0,22.0,False,False,False
BA Bhatt,17.0,0.0,False,False,False
BA Carse,0.0,14.0,False,False,False
BA King,0.0,74.0,False,False,False
BA Parchment,0.0,1.0,False,False,False
BA Stokes,45.0,41.0,True,False,True
BAW Mendis,10.0,36.0,True,False,True
BB McCullum,109.0,68.0,True,False,True
BB Samantray,9.0,0.0,False,False,False
BB Sran,24.0,2.0,True,False,True
BC Fortuin,0.0,26.0,False,False,False
BCJ Cutting,21.0,4.0,True,False,True
BE Hendricks,7.0,18.0,True,False,True
BF Calitz,0.0,4.0,False,False,False
BG Lister,0.0,10.0,False,False,False
BJ Bennett,0.0,38.0,False,False,False
BJ Diamanti,0.0,1.0,False,False,False
BJ Dwarshuis,1.0,15.0,True,False,True
BJ Haddin,1.0,34.0,True,False,True
BJ Hodge,66.0,15.0,True,False,True
BJ Jacobs,0.0,11.0,False,False,False
BJ McCarthy,0.0,35.0,False,False,False
BJ Rohrer,8.0,1.0,True,False,True
BJ Watling,0.0,5.0,False,False,False
BKG Mendis,1.0,96.0,True,False,True
BM Duckett,0.0,21.0,False,False,False
BM Tickner,0.0,16.0,False,False,False
BM Wheeler,0.0,6.0,False,False,False
BMAJ Mendis,3.0,22.0,True,False,True
BOP Fernando,0.0,6.0,False,False,False
BR Dunk,3.0,5.0,True,False,True
BR McDermott,0.0,24.0,False,False,False
BR Sharath,1.0,0.0,False,False,False
BRM Taylor,0.0,40.0,False,False,False
BT Foakes,0.0,1.0,False,False,False
BV Sears,0.0,24.0,False,False,False
BV Vitori,0.0,11.0,False,False,False
BW Hilfenhaus,17.0,7.0,True,False,True
Babar Azam,0.0,130.0,False,False,False
Basil Thampi,25.0,0.0,False,False,False
Bilawal Bhatti,0.0,8.0,False,False,False
Bipul Sharma,33.0,0.0,False,False,False
Brijesh Sharma,13.0,0.0,False,False,False
C Bosch,9.0,20.0,True,False,True
C Campher,0.0,40.0,False,False,False
C Connolly,14.0,10.0,True,False,True
C Esterhuizen,0.0,5.0,False,False,False
C Ganapathy,1.0,0.0,False,False,False
C Green,43.0,23.0,True,False,True
C Jonker,0.0,2.0,False,False,False
C Karunaratne,0.0,38.0,False,False,False
C Kieswetter,0.0,24.0,False,False,False
C Madan,1.0,0.0,False,False,False
C Madande,0.0,26.0,False,False,False
C Munro,13.0,65.0,True,False,True
C Nanda,3.0,0.0,False,False,False
C Olphert,0.0,2.0,False,False,False
C Sakariya,20.0,2.0,True,False,True
C Wickramasinghe,0.0,3.0,False,False,False
C Zhuwao,0.0,4.0,False,False,False
C de Grandhomme,25.0,41.0,True,False,True
CA Ingram,15.0,9.0,True,False,True
CA Lynn,42.0,17.0,True,False,True
CA Pujara,30.0,0.0,False,False,False
CA Young,0.0,33.0,False,False,False
CAK Rajitha,0.0,17.0,False,False,False
CAK Walton,0.0,16.0,False,False,False
CB Mpofu,0.0,24.0,False,False,False
CBRLS Kumara,0.0,21.0,False,False,False
CD Barnwell,0.0,6.0,False,False,False
CD McMillan,0.0,7.0,False,False,False
CE McConchie,0.0,18.0,False,False,False
CH Gayle,141.0,78.0,True,False,True
CH Morris,81.0,22.0,True,False,True
CJ Anderson,30.0,30.0,True,False,True
CJ Bowes,0.0,8.0,False,False,False
CJ Boyce,0.0,7.0,False,False,False
CJ Chibhabha,0.0,27.0,False,False,False
CJ Dala,1.0,10.0,True,False,True
CJ Ferguson,9.0,3.0,True,False,True
CJ Green,1.0,1.0,True,False,True
CJ Jordan,34.0,90.0,True,False,True
CJ McKay,2.0,6.0,True,False,True
CK Coventry,0.0,13.0,False,False,False
CK Kapugedera,5.0,40.0,True,False,True
CK Langeveldt,7.0,8.0,True,False,True
CK Tshuma,0.0,1.0,False,False,False
CL Cairns,0.0,2.0,False,False,False
CL White,47.0,47.0,True,False,True
CM Gautam,13.0,0.0,False,False,False
CMW Read,0.0,1.0,False,False,False
CP Schofield,0.0,4.0,False,False,False
CR Brathwaite,16.0,36.0,True,False,True
CR Ervine,0.0,43.0,False,False,False
CR Woakes,21.0,32.0,True,False,True
CRD Fernando,10.0,15.0,True,False,True
CS Baugh,0.0,3.0,False,False,False
CS Martin,0.0,5.0,False,False,False
CT Bancroft,0.0,1.0,False,False,False
CT Mumba,0.0,2.0,False,False,False
CT Mutombodzi,0.0,9.0,False,False,False
CT Tremlett,0.0,1.0,False,False,False
CU Jayasinghe,0.0,5.0,False,False,False
CV Varun,94.0,40.0,True,False,True
D Bishoo,0.0,7.0,False,False,False
D Brevis,27.0,27.0,True,False,True
D Cleaver,0.0,7.0,False,False,False
D Ferreira,18.0,15.0,True,False,True
D Forrester,0.0,5.0,False,False,False
D Foxcroft,0.0,6.0,False,False,False
D Ganga,0.0,1.0,False,False,False
D Gough,0.0,2.0,False,False,False
D Jansen,1.0,0.0,False,False,False
D Kalyankrishna,3.0,0.0,False,False,False
D Madushanka,1.0,18.0,True,False,True
D Mongia,0.0,1.0,False,False,False
D Myers,0.0,23.0,False,False,False
D Padikkal,90.0,2.0,True,False,True
D Paterson,0.0,8.0,False,False,False
D Pretorius,7.0,30.0,True,False,True
D Ramdin,0.0,67.0,False,False,False
D Salunkhe,6.0,0.0,False,False,False
D Wiese,18.0,19.0,True,False,True
D du Preez,2.0,0.0,False,False,False
DA Miller,152.0,128.0,True,False,True
DA Payne,2.0,0.0,False,False,False
DA Warner,184.0,105.0,True,False,True
DAJ Bracewell,1.0,20.0,True,False,True
DAS Gunaratne,0.0,12.0,False,False,False
DB Das,31.0,0.0,False,False,False
DB Ravi Teja,32.0,0.0,False,False,False
DBL Powell,0.0,5.0,False,False,False
DC Drakes,0.0,10.0,False,False,False
DC Thomas,0.0,12.0,False,False,False
DE Bernard,0.0,1.0,False,False,False
DE Bollinger,27.0,9.0,True,False,True
DG Brownlie,0.0,5.0,False,False,False
DG Nalkande,6.0,0.0,False,False,False
DH Yagnik,25.0,0.0,False,False,False
DJ Bravo,160.0,90.0,True,False,True
DJ Harris,4.0,0.0,False,False,False
DJ Hooda,125.0,20.0,True,False,True
DJ Hussey,64.0,39.0,True,False,True
DJ Jacobs,7.0,0.0,False,False,False
DJ Malan,1.0,61.0,True,False,True
DJ Mitchell,15.0,90.0,True,False,True
DJ Muthuswami,6.0,0.0,False,False,False
DJ Thornely,6.0,0.0,False,False,False
DJ Vilas,0.0,1.0,False,False,False
DJ Willey,11.0,42.0,True,False,True
DJG Sammy,22.0,65.0,True,False,True
DJM Short,7.0,22.0,True,False,True
DK Butler,0.0,1.0,False,False,False
DL Chahar,103.0,24.0,True,False,True
DL Maddy,0.0,4.0,False,False,False
DL Vettori,34.0,33.0,True,False,True
DM Bravo,1.0,26.0,True,False,True
DM Richards,0.0,1.0,False,False,False
DM de Silva,0.0,40.0,False,False,False
DN Wellalage,0.0,15.0,False,False,False
DNT Zoysa,3.0,0.0,False,False,False
DO Christian,0.0,2.0,False,False,False
DP Conway,29.0,63.0,True,False,True
DP Hyatt,0.0,5.0,False,False,False
DP Nannes,29.0,15.0,True,False,True
DP Vijaykumar,9.0,0.0,False,False,False
DPMD Jayawardene,80.0,51.0,True,False,True
DR Briggs,0.0,7.0,False,False,False
DR Flynn,0.0,5.0,False,False,False
DR Martyn,1.0,4.0,True,False,True
DR Mousley,0.0,4.0,False,False,False
DR Sams,16.0,10.0,True,False,True
DR Shorey,2.0,0.0,False,False,False
DR Smith,91.0,33.0,True,False,True
DR Tuffey,0.0,3.0,False,False,False
DS Kulkarni,92.0,2.0,True,False,True
DS Lehmann,2.0,0.0,False,False,False
DS Rathi,23.0,0.0,False,False,False
DS Smith,0.0,6.0,False,False,False
DSK Madushanka,0.0,2.0,False,False,False
DT Christian,49.0,23.0,True,False,True
DT Johnston,0.0,9.0,False,False,False
DT Patil,2.0,0.0,False,False,False
DT Tiripano,0.0,9.0,False,False,False
DV Malewar,2.0,0.0,False,False,False
DW Steyn,95.0,44.0,True,False,True
Danish Aziz,0.0,2.0,False,False,False
Dayyaan Galiem,0.0,1.0,False,False,False
Dhiman Ghosh,0.0,1.0,False,False,False
Dhruv Jurel,57.0,4.0,True,False,True
E Chigumbura,0.0,42.0,False,False,False
E Leie,0.0,2.0,False,False,False
E Lewis,27.0,56.0,True,False,True
E Malinga,22.0,11.0,True,False,True
EC Joyce,0.0,8.0,False,False,False
EC Rainsford,0.0,2.0,False,False,False
EJG Morgan,83.0,111.0,True,False,True
EMDY Munaweera,0.0,13.0,False,False,False
EP Thompson,0.0,1.0,False,False,False
ER Dwivedi,4.0,0.0,False,False,False
Ebadat Hossain,0.0,3.0,False,False,False
Elias Sunny,0.0,2.0,False,False,False
F Behardien,3.0,38.0,True,False,True
F Hand,0.0,11.0,False,False,False
F Mutizwa,0.0,3.0,False,False,False
F du Plessis,154.0,45.0,True,False,True
FA Allen,5.0,38.0,True,False,True
FH Allen,11.0,51.0,True,False,True
FH Edwards,6.0,26.0,True,False,True
FL Reifer,0.0,1.0,False,False,False
FY Fazal,12.0,0.0,False,False,False
Faheem Ashraf,0.0,71.0,False,False,False
Fakhar Zaman,0.0,99.0,False,False,False
Farhad Reza,0.0,8.0,False,False,False
Fawad Ahmed,0.0,2.0,False,False,False
Fawad Alam,0.0,21.0,False,False,False
Fazalhaq Farooqi,12.0,0.0,False,False,False
G Coetzee,14.0,17.0,True,False,True
G Gambhir,154.0,34.0,True,False,True
G Motie,0.0,41.0,False,False,False
G Wijekoon,0.0,2.0,False,False,False
GA Lamb,0.0,5.0,False,False,False
GA Stuurman,0.0,1.0,False,False,False
GB Brent,0.0,2.0,False,False,False
GB Hogg,21.0,15.0,True,False,True
GC Smith,29.0,30.0,True,False,True
GC Tonge,0.0,1.0,False,False,False
GC Viljoen,6.0,0.0,False,False,False
GC Wilson,0.0,19.0,False,False,False
GD Elliott,0.0,16.0,False,False,False
GD McGrath,14.0,2.0,True,False,True
GD Phillips,14.0,84.0,True,False,True
GE Mathurin,0.0,3.0,False,False,False
GF Linde,3.0,35.0,True,False,True
GH Bodi,0.0,1.0,False,False,False
GH Dockrell,0.0,60.0,False,False,False
GH Vihari,24.0,0.0,False,False,False
GH Worker,0.0,2.0,False,False,False
GHS Garton,5.0,1.0,True,False,True
GI Hume,0.0,9.0,False,False,False
GJ Bailey,40.0,29.0,True,False,True
GJ Batty,0.0,1.0,False,False,False
GJ Delany,0.0,41.0,False,False,False
GJ Hopkins,0.0,10.0,False,False,False
GJ Maxwell,141.0,123.0,True,False,True
GJ Snyman,0.0,1.0,False,False,False
GJ Thompson,0.0,2.0,False,False,False
GJP Kruger,0.0,1.0,False,False,False
GL Cloete,0.0,2.0,False,False,False
GO Jones,0.0,2.0,False,False,False
GP Swann,0.0,38.0,False,False,False
GR Adair,0.0,14.0,False,False,False
GR Napier,1.0,0.0,False,False,False
GS Ballance,0.0,1.0,False,False,False
GS Sandhu,3.0,0.0,False,False,False
GSNFG Jayasuriya,0.0,16.0,False,False,False
GW Aldridge,0.0,1.0,False,False,False
Gagandeep Singh,4.0,0.0,False,False,False
Gulbadin Naib,2.0,0.0,False,False,False
Gurjapneet Singh,8.0,0.0,False,False,False
Gurkeerat Singh,41.0,0.0,False,False,False
Gurnoor Brar,1.0,0.0,False,False,False
H Das,1.0,0.0,False,False,False
H Davids,0.0,9.0,False,False,False
H Klaasen,64.0,53.0,True,False,True
H Masakadza,0.0,48.0,False,False,False
H Sharma,2.0,0.0,False,False,False
HB Shipley,0.0,5.0,False,False,False
HC Brook,11.0,55.0,True,False,True
HD Rutherford,0.0,8.0,False,False,False
HDRL Thirimanne,0.0,25.0,False,False,False
HE van der Dussen,3.0,57.0,True,False,True
HF Gurney,8.0,2.0,True,False,True
HG Kuhn,0.0,7.0,False,False,False
HH Dippenaar,0.0,1.0,False,False,False
HH Gibbs,36.0,22.0,True,False,True
HH Pandya,162.0,126.0,True,False,True
HJH Marshall,0.0,3.0,False,False,False
HK Bennett,0.0,11.0,False,False,False
HM Amla,16.0,39.0,True,False,True
HM Nicholls,0.0,10.0,False,False,False
HMCM Bandara,0.0,4.0,False,False,False
HMRKB Herath,0.0,15.0,False,False,False
HR Shokeen,13.0,0.0,False,False,False
HR Walsh,0.0,29.0,False,False,False
HT Tector,0.0,51.0,False,False,False
HV Patel,123.0,25.0,True,False,True
Haider Ali,0.0,33.0,False,False,False
Hammad Azam,0.0,5.0,False,False,False
Harbhajan Singh,163.0,25.0,True,False,True
Haris Rauf,0.0,83.0,False,False,False
Haris Sohail,0.0,14.0,False,False,False
Harmeet Singh,28.0,0.0,False,False,False
Harpreet Brar,51.0,0.0,False,True,True
Harpreet Singh,9.0,0.0,False,False,False
Harsh Dubey,11.0,0.0,False,False,False
Harshit Rana,33.0,8.0,True,False,True
Hasan Ali,0.0,49.0,False,False,False
Hasan Mahmud,0.0,21.0,False,False,False
Hasan Murad,0.0,2.0,False,False,False
Haseebullah Khan,0.0,3.0,False,False,False
Hassan Nawaz,0.0,18.0,False,False,False
Himmat Singh,9.0,0.0,False,False,False
Hussain Talat,0.0,21.0,False,False,False
I Kaia,0.0,4.0,False,False,False
I Malhotra,1.0,0.0,False,False,False
I Sharma,117.0,14.0,True,False,True
I Udana,10.0,34.0,True,False,True
IC Pandey,25.0,0.0,False,False,False
IC Porel,1.0,0.0,False,False,False
IDR Bradshaw,0.0,1.0,False,False,False
IE O'Brien,0.0,3.0,False,False,False
IG Butler,0.0,18.0,False,False,False
IJL Trott,0.0,7.0,False,False,False
IK Pathan,103.0,22.0,True,False,True
IR Bell,0.0,8.0,False,False,False
IR Jaggi,7.0,0.0,False,False,False
IS Sodhi,8.0,133.0,True,False,True
Iftikhar Ahmed,0.0,61.0,False,False,False
Iftikhar Anjum,0.0,2.0,False,False,False
Ihsanullah,0.0,1.0,False,False,False
Imad Wasim,0.0,65.0,False,False,False
Imam-ul-Haq,0.0,2.0,False,False,False
Imran Farhat,0.0,7.0,False,False,False
Imran Khan (1),0.0,3.0,False,False,False
Imran Nazir,0.0,22.0,False,False,False
Imran Tahir,59.0,33.0,True,False,True
Imrul Kayes,0.0,14.0,False,False,False
Inzamam-ul-Haq,0.0,1.0,False,False,False
Iqbal Abdulla,49.0,0.0,False,False,False
Irfan Khan,0.0,14.0,False,False,False
Ishan Kishan,134.0,42.0,True,False,True
J Andrew,0.0,3.0,False,False,False
J Arunkumar,3.0,0.0,False,False,False
J Blades,0.0,4.0,False,False,False
J Botha,34.0,39.0,True,False,True
J Campbell,0.0,9.0,False,False,False
J Charles,0.0,61.0,False,False,False
J Edwards,0.0,1.0,False,False,False
J Fraser-McGurk,15.0,5.0,True,False,True
J Gumbie,0.0,3.0,False,False,False
J Hermann,0.0,1.0,False,False,False
J Lewis,0.0,2.0,False,False,False
J Little,11.0,34.0,True,False,True
J Liyanage,0.0,14.0,False,False,False
J Louw,0.0,2.0,False,False,False
J Mubarak,0.0,14.0,False,False,False
J Nyumbu,0.0,2.0,False,False,False
J Overton,13.0,22.0,True,False,True
J Suchith,22.0,0.0,False,False,False
J Syed Mohammad,11.0,0.0,False,False,False
J Theron,10.0,9.0,True,False,True
J Yadav,20.0,0.0,False,False,False
JA Clarkson,0.0,13.0,False,False,False
JA Duffy,6.0,44.0,True,False,True
JA Morkel,90.0,46.0,True,False,True
JA Richardson,4.0,18.0,True,False,True
JA Rudolph,0.0,1.0,False,False,False
JA Turner,0.0,2.0,False,False,False
JAH Marshall,0.0,3.0,False,False,False
JC Archer,68.0,38.0,True,False,True
JC Buttler,138.0,144.0,True,False,True
JC Tredwell,0.0,16.0,False,False,False
JD Campbell,0.0,2.0,False,False,False
JD Ryder,29.0,21.0,True,False,True
JD Unadkat,116.0,10.0,True,False,True
JD Wildermuth,0.0,2.0,False,False,False
JDF Vandersay,0.0,17.0,False,False,False
JDP Oram,18.0,34.0,True,False,True
JDS Neesham,14.0,90.0,True,False,True
JE Root,3.0,31.0,True,False,True
JE Taylor,5.0,27.0,True,False,True
JEC Franklin,20.0,37.0,True,False,True
JF Mooney,0.0,8.0,False,False,False
JF Smith,0.0,9.0,False,False,False
JG Bethell,9.0,28.0,True,False,True
JH Kallis,98.0,23.0,True,False,True
JJ Bumrah,158.0,85.0,True,False,True
JJ Roy,21.0,63.0,True,False,True
JJ van der Wath,3.0,7.0,True,False,True
JK Masara,0.0,1.0,False,False,False
JL Denly,1.0,13.0,True,False,True
JL Ontong,0.0,14.0,False,False,False
JL Pattinson,10.0,4.0,True,False,True
JL Smith,0.0,5.0,False,False,False
JM Anderson,0.0,18.0,False,False,False
JM Bairstow,52.0,75.0,True,False,True
JM Cox,0.0,6.0,False,False,False
JM How,0.0,5.0,False,False,False
JM Kemp,5.0,7.0,True,False,True
JM Muirhead,0.0,5.0,False,False,False
JM Sharma,71.0,12.0,True,False,True
JM Vince,0.0,16.0,False,False,False
JN Gillespie,0.0,1.0,False,False,False
JN Malan,0.0,11.0,False,False,False
JN Mohammed,0.0,6.0,False,False,False
JN Snape,0.0,1.0,False,False,False
JNK Shannon,0.0,2.0,False,False,False
JNT Seales,0.0,8.0,False,False,False
JO Holder,57.0,88.0,True,False,True
JP Behrendorff,17.0,17.0,True,False,True
JP Bray,0.0,2.0,False,False,False
JP Duminy,83.0,77.0,True,False,True
JP Faulkner,60.0,24.0,True,False,True
JP Greaves,0.0,1.0,False,False,False
JP Inglis,17.0,42.0,True,False,True
JPR Scantlebury-Searles,4.0,0.0,False,False,False
JR Hazlewood,52.0,56.0,True,False,True
JR Hopes,21.0,12.0,True,False,True
JR Lennox,0.0,1.0,False,False,False
JR Philippe,5.0,17.0,True,False,True
JRMVB Sanjaya,0.0,8.0,False,False,False
JS Foster,0.0,4.0,False,False,False
JS Patel,0.0,11.0,False,False,False
JT Ball,0.0,2.0,False,False,False
JT Smuts,0.0,13.0,False,False,False
JW Dernbach,0.0,33.0,False,False,False
JW Hastings,3.0,9.0,True,False,True
JW Wilson,0.0,1.0,False,False,False
JWM Dalrymple,0.0,3.0,False,False,False
Jahandad Khan,0.0,8.0,False,False,False
Jahurul Islam,0.0,2.0,False,False,False
Jaker Ali,0.0,32.0,False,False,False
Jalaj S Saxena,1.0,0.0,False,False,False
Jaskaran Singh,8.0,0.0,False,False,False
Joginder Sharma,16.0,4.0,True,False,True
Jubair Hossain,0.0,1.0,False,False,False
Junaid Khan,0.0,8.0,False,False,False
Junaid Siddique,0.0,5.0,False,False,False
K Goel,22.0,0.0,False,False,False
K Gowtham,36.0,0.0,False,False,False
K Kartikeya,16.0,0.0,False,False,False
K Khejroliya,9.0,0.0,False,False,False
K Mishara,0.0,21.0,False,False,False
K Pierre,0.0,12.0,False,False,False
K Rabada,101.0,70.0,True,False,True
K Santokie,2.0,12.0,True,False,True
K Sinclair,0.0,6.0,False,False,False
K Upadhyay,3.0,0.0,False,False,False
K Weeraratne,0.0,4.0,False,False,False
K Yadav,3.0,0.0,False,False,False
KA Jamieson,15.0,28.0,True,False,True
KA Maharaj,2.0,48.0,True,False,True
KA Pollard,189.0,98.0,True,False,True
KAJ Roach,2.0,11.0,True,False,True
KB Arun Karthik,17.0,0.0,False,False,False
KC Cariappa,11.0,0.0,False,False,False
KC Sangakkara,71.0,54.0,True,False,True
KD Clarke,0.0,4.0,False,False,False
KD Karthik,257.0,55.0,True,False,True
KD Mills,0.0,41.0,False,False,False
KDC Clarke,0.0,1.0,False,False,False
KDK Vithanage,0.0,3.0,False,False,False
KH Devdhar,1.0,0.0,False,False,False
KH Pandya,158.0,19.0,True,False,True
KIC Asalanka,0.0,65.0,False,False,False
KJ Abbott,5.0,20.0,True,False,True
KJ O'Brien,0.0,30.0,False,False,False
KK Ahmed,76.0,18.0,True,False,True
KK Cooper,25.0,0.0,False,False,False
KK Nair,86.0,0.0,False,True,True
KL Nagarkoti,12.0,0.0,False,False,False
KL Rahul,160.0,65.0,True,False,True
KM Asif,7.0,0.0,False,False,False
KM Dabengwa,0.0,4.0,False,False,False
KM Jadhav,95.0,9.0,True,False,True
KM Jarvis,0.0,16.0,False,False,False
KMA Paul,8.0,20.0,True,False,True
KMC Bandara,0.0,1.0,False,False,False
KMDN Kulasekara,5.0,54.0,True,False,True
KNA Bandara,0.0,5.0,False,False,False
KO Meth,0.0,2.0,False,False,False
KOA Powell,0.0,1.0,False,False,False
KOK Williams,0.0,19.0,False,False,False
KP Appanna,13.0,0.0,False,False,False
KP Pietersen,36.0,37.0,True,False,True
KR Mayers,13.0,37.0,True,False,True
KR Sen,12.0,0.0,False,False,False
KS Bharat,10.0,0.0,False,False,False
KS Lokuarachchi,0.0,2.0,False,False,False
KS Rathore,1.0,0.0,False,False,False
KS Sharma,3.0,0.0,False,False,False
KS Williamson,79.0,86.0,True,False,True
KT Maphaka,4.0,17.0,True,False,True
KTGD Prasad,0.0,1.0,False,False,False
KU Carty,0.0,4.0,False,False,False
KV Sharma,90.0,1.0,True,False,True
KW Richardson,15.0,35.0,True,False,True
Kamran Akmal,6.0,52.0,True,False,True
Kamran Khan,9.0,0.0,False,False,False
Karanveer Singh,9.0,0.0,False,False,False
Karim Janat,1.0,0.0,False,False,False
Kartik Sharma,11.0,0.0,False,False,False
Kartik Tyagi,34.0,0.0,False,False,False
Khaled Ahmed,0.0,1.0,False,False,False
Khalid Latif,0.0,12.0,False,False,False
Khawaja Nafay,0.0,3.0,False,False,False
Khurram Manzoor,0.0,2.0,False,False,False
Khushdil Shah,0.0,33.0,False,False,False
Krish Bhagat,3.0,0.0,False,False,False
Kuldeep Yadav,111.0,49.0,True,False,True
Kumar Kushagra,5.0,0.0,False,False,False
L Ablish,3.0,0.0,False,False,False
L Balaji,73.0,4.0,True,False,True
L Croospulle,0.0,1.0,False,False,False
L Gregory,0.0,9.0,False,False,False
L McCarthy,0.0,1.0,False,False,False
L Ngidi,28.0,61.0,True,False,True
L Ronchi,5.0,31.0,True,False,True
L Sipamla,0.0,14.0,False,False,False
L Tucker,0.0,42.0,False,False,False
L Vincent,0.0,8.0,False,False,False
L Wood,2.0,15.0,True,False,True
LA Carseldine,5.0,0.0,False,False,False
LA Dawson,0.0,29.0,False,False,False
LA Pomersbach,17.0,1.0,True,False,True
LB Williams,2.0,19.0,True,False,True
LD Chandimal,0.0,65.0,False,False,False
LD Madushanka,0.0,3.0,False,False,False
LE Bosman,0.0,12.0,False,False,False
LE Plunkett,7.0,21.0,True,False,True
LG Pretorius,2.0,12.0,True,False,True
LH Ferguson,52.0,46.0,True,False,True
LI Meriwala,1.0,0.0,False,False,False
LJ Woodcock,0.0,3.0,False,False,False
LJ Wright,7.0,49.0,True,False,True
LL Tsotsobe,0.0,22.0,False,False,False
LM Jongwe,0.0,38.0,False,False,False
LMP Simmons,29.0,64.0,True,False,True
LPC Silva,3.0,15.0,True,False,True
LR Shukla,47.0,0.0,False,False,False
LRPL Taylor,55.0,99.0,True,False,True
LS Baker,0.0,3.0,False,False,False
LS Livingstone,51.0,55.0,True,False,True
Lalit Yadav,27.0,0.0,False,False,False
Liton Das,1.0,94.0,True,False,True
M Ashwin,44.0,0.0,False,False,False
M Beardman,0.0,1.0,False,False,False
M Bhanuka,0.0,5.0,False,False,False
M Faraz Akram,0.0,6.0,False,False,False
M Jansen,49.0,24.0,True,False,True
M Kaif,29.0,0.0,False,False,False
M Kartik,56.0,1.0,True,False,True
M Klinger,4.0,3.0,True,False,True
M Labuschagne,0.0,1.0,False,False,False
M Manhas,55.0,0.0,False,True,True
M Markande,40.0,1.0,True,False,True
M Morkel,70.0,40.0,True,False,True
M Mosehle,0.0,7.0,False,False,False
M Muralitharan,66.0,12.0,True,False,True
M Ntini,9.0,10.0,True,False,True
M Pathirana,33.0,22.0,True,False,True
M Prasidh Krishna,78.0,5.0,True,False,True
M Pushpakumara,0.0,1.0,False,False,False
M Rawat,18.0,0.0,False,False,False
M Shahrukh Khan,64.0,0.0,False,True,True
M Shumba,0.0,16.0,False,False,False
M Siddharth,9.0,0.0,False,False,False
M Theekshana,38.0,73.0,True,False,True
M Tiwari,5.0,0.0,False,False,False
M Vijay,106.0,8.0,True,False,True
M Vohra,56.0,0.0,False,True,True
M Zondeki,0.0,1.0,False,False,False
M de Lange,5.0,6.0,True,False,True
MA Agarwal,130.0,0.0,False,True,True
MA Aponso,0.0,3.0,False,False,False
MA Carberry,0.0,1.0,False,False,False
MA Khote,4.0,0.0,False,False,False
MA Starc,58.0,63.0,True,False,True
MA Wood,5.0,35.0,True,False,True
MADI Hemantha,0.0,7.0,False,False,False
MB Parmar,1.0,0.0,False,False,False
MC Bascombe,0.0,1.0,False,False,False
MC Henriques,62.0,24.0,True,False,True
MC Juneja,7.0,0.0,False,False,False
MC Sorensen,0.0,6.0,False,False,False
MD Bates,0.0,3.0,False,False,False
MD Choudhary,10.0,0.0,False,False,False
MD Gunathilaka,0.0,42.0,False,False,False
MD Mishra,18.0,0.0,False,False,False
MD Shanaka,10.0,117.0,True,False,True
MDK Perera,0.0,3.0,False,False,False
MDKJ Perera,2.0,88.0,True,False,True
ME Trescothick,0.0,3.0,False,False,False
MEK Hussey,59.0,38.0,True,False,True
MF Maharoof,20.0,7.0,True,False,True
MG Bracewell,5.0,43.0,True,False,True
MG Johnson,54.0,30.0,True,False,True
MG Neser,1.0,0.0,False,False,False
MH Yardy,0.0,14.0,False,False,False
MJ Clarke,6.0,34.0,True,False,True
MJ Fisher,0.0,1.0,False,False,False
MJ Guptill,13.0,114.0,True,False,True
MJ Hay,0.0,12.0,False,False,False
MJ Henry,9.0,38.0,True,False,True
MJ Humphreys,0.0,12.0,False,False,False
MJ Lumb,12.0,26.0,True,False,True
MJ Mason,0.0,3.0,False,False,False
MJ McClenaghan,56.0,27.0,True,False,True
MJ North,0.0,1.0,False,False,False
MJ Owen,1.0,15.0,True,False,True
MJ Potts,0.0,1.0,False,False,False
MJ Prior,0.0,10.0,False,False,False
MJ Santner,35.0,122.0,True,False,True
MJ Suthar,5.0,0.0,False,False,False
MJ Swepson,0.0,8.0,False,False,False
MK Lomror,40.0,0.0,False,False,False
MK Pandey,180.0,39.0,True,False,True
MK Tiwary,98.0,3.0,True,False,True
ML Hayden,32.0,9.0,True,False,True
ML Lewis,0.0,2.0,False,False,False
ML Udawatte,0.0,7.0,False,False,False
MM Ali,73.0,85.0,True,False,True
MM Patel,63.0,3.0,True,False,True
MM Sharma,120.0,8.0,True,False,True
MN Samuels,15.0,62.0,True,False,True
MN Waller,0.0,23.0,False,False,False
MN van Wyk,5.0,7.0,True,False,True
MNK Fernando,0.0,2.0,False,False,False
MP Breetzke,1.0,13.0,True,False,True
MP Kuhnemann,0.0,8.0,False,False,False
MP Stoinis,123.0,78.0,True,False,True
MP Vaughan,0.0,2.0,False,False,False
MP Yadav,10.0,3.0,True,False,True
MR Adair,0.0,47.0,False,False,False
MR Gillespie,0.0,10.0,False,False,False
MR Marsh,68.0,76.0,True,False,True
MS Atapattu,0.0,2.0,False,False,False
MS Bhandage,1.0,0.0,False,False,False
MS Bisla,39.0,0.0,False,False,False
MS Chapman,0.0,85.0,False,False,False
MS Crane,0.0,2.0,False,False,False
MS Dhoni,277.0,94.0,True,False,True
MS Gony,44.0,0.0,False,False,False
MS Kasprowicz,0.0,2.0,False,False,False
MS Panesar,0.0,1.0,False,False,False
MS Sinclair,0.0,2.0,False,False,False
MS Wade,15.0,87.0,True,False,True
MT Renshaw,0.0,5.0,False,False,False
MV Boucher,31.0,23.0,True,False,True
MVT Fernando,0.0,1.0,False,False,False
MW Forde,0.0,22.0,False,False,False
MW Parkinson,0.0,6.0,False,False,False
MW Short,9.0,24.0,True,False,True
Mahedi Hasan,0.0,60.0,False,False,False
Mahmudul Hasan Joy,0.0,2.0,False,False,False
Mahmudullah,0.0,112.0,False,False,False
Mandeep Singh,111.0,3.0,True,False,True
Mansoor Amjad,0.0,1.0,False,False,False
Mashrafe Mortaza,1.0,43.0,True,False,True
Mayank Dagar,8.0,0.0,False,False,False
Mayank Rawat,1.0,0.0,False,False,False
Mehedi Hasan Miraz,0.0,29.0,False,False,False
Mehrab Hossain jnr,0.0,2.0,False,False,False
Mirza Baig,0.0,1.0,False,False,False
Misbah-ul-Haq,8.0,34.0,True,False,True
Mohammad Ali,0.0,3.0,False,False,False
Mohammad Amir,0.0,57.0,False,False,False
Mohammad Ashraful,1.0,19.0,True,False,True
Mohammad Asif,8.0,10.0,True,False,True
Mohammad Hafeez,8.0,111.0,True,False,True
Mohammad Haris,0.0,25.0,False,False,False
Mohammad Hasnain,0.0,27.0,False,False,False
Mohammad Irfan,0.0,21.0,False,False,False
Mohammad Mithun,0.0,15.0,False,False,False
Mohammad Nabi,24.0,0.0,False,False,False
Mohammad Naim,0.0,33.0,False,False,False
Mohammad Nawaz,0.0,58.0,False,False,False
Mohammad Nawaz (3),0.0,19.0,False,False,False
Mohammad Rizwan,0.0,98.0,False,False,False
Mohammad Saifuddin,0.0,37.0,False,False,False
Mohammad Salman,0.0,1.0,False,False,False
Mohammad Sami,0.0,12.0,False,False,False
Mohammad Shahid,0.0,1.0,False,False,False
Mohammad Wasim,0.0,32.0,False,False,False
Mohammad Yousuf,0.0,3.0,False,False,False
Mohammed Shami,132.0,21.0,True,False,True
Mohammed Siraj,125.0,15.0,True,False,True
Mohit Rathee,1.0,0.0,False,False,False
Mohsin Khan,31.0,0.0,False,False,False
Mominul Haque,0.0,6.0,False,False,False
Monu Kumar,1.0,0.0,False,False,False
Mosaddek Hossain,0.0,25.0,False,False,False
Mrittunjoy Chowdhury,0.0,1.0,False,False,False
Mubasir Khan,0.0,1.0,False,False,False
Muhammad Musa,0.0,2.0,False,False,False
Mujeeb Ur Rahman,20.0,0.0,False,False,False
Mukesh Choudhary,24.0,0.0,False,False,False
Mukesh Kumar,42.0,14.0,True,False,True
Mukhtar Ahmed,0.0,6.0,False,False,False
Muktar Ali,0.0,1.0,False,False,False
Munim Shahriar,0.0,3.0,False,False,False
Musheer Khan,1.0,0.0,False,False,False
Mushfiqur Rahim,0.0,79.0,False,False,False
Mustafizur Rahman,60.0,100.0,True,False,True
N Boje,0.0,1.0,False,False,False
N Burger,18.0,7.0,True,False,True
N Deonarine,0.0,8.0,False,False,False
N Dickwella,0.0,28.0,False,False,False
N Jagadeesan,13.0,0.0,False,False,False
N M'shangwe,0.0,3.0,False,False,False
N Madziva,0.0,10.0,False,False,False
N Mokoena,0.0,3.0,False,False,False
N Peter,0.0,12.0,False,False,False
N Pooran,104.0,101.0,True,False,True
N Pradeep,0.0,16.0,False,False,False
N Rana,127.0,2.0,True,False,True
N Saini,10.0,0.0,False,False,False
N Sindhu,8.0,0.0,False,False,False
N Thushara,8.0,25.0,True,False,True
N Wadhera,45.0,0.0,False,False,False
NA Rock,0.0,12.0,False,False,False
NA Saini,1.0,0.0,False,False,False
NB Singh,2.0,0.0,False,False,False
ND Doshi,4.0,0.0,False,False,False
ND McKenzie,0.0,2.0,False,False,False
NE Bonner,0.0,2.0,False,False,False
NF Kelly,0.0,7.0,False,False,False
NG Jones,0.0,2.0,False,False,False
NG Smith,0.0,2.0,False,False,False
NJ Astle,0.0,4.0,False,False,False
NJ Maddinson,3.0,6.0,True,False,True
NJ O'Brien,0.0,10.0,False,False,False
NJ Reardon,0.0,2.0,False,False,False
NJ Rimmington,1.0,0.0,False,False,False
NK Patel,9.0,0.0,False,False,False
NL McCullum,2.0,61.0,True,False,True
NLTC Perera,37.0,78.0,True,False,True
NM Coulter-Nile,39.0,27.0,True,False,True
NM Hauritz,0.0,3.0,False,False,False
NM Lyon,0.0,2.0,False,False,False
NO Miller,0.0,9.0,False,False,False
NS Naik,4.0,0.0,False,False,False
NT Broom,0.0,11.0,False,False,False
NT Ellis,17.0,32.0,True,False,True
NV Ojha,113.0,2.0,True,False,True
NW Bracken,0.0,19.0,False,False,False
Nadif Chowdhury,0.0,2.0,False,False,False
Naeem Islam,0.0,10.0,False,False,False
Naman Dhir,37.0,0.0,False,False,False
Naseem Shah,0.0,30.0,False,False,False
Nasir Hossain,0.0,22.0,False,False,False
Nasir Jamshed,0.0,18.0,False,False,False
Nasum Ahmed,0.0,37.0,False,False,False
Nauman Anwar,0.0,1.0,False,False,False
Navdeep Saini,33.0,10.0,True,False,True
Naved-ul-Hasan,0.0,3.0,False,False,False
Naveen-ul-Haq,18.0,0.0,False,False,False
Nazimuddin,0.0,6.0,False,False,False
Nazmul Hossain,0.0,2.0,False,False,False
Nazmul Hossain Shanto,0.0,39.0,False,False,False
Nazmul Islam,0.0,10.0,False,False,False
Nithish Kumar Reddy,42.0,4.0,True,False,True
Noor Ahmad,51.0,0.0,False,True,True
Nurul Hasan,0.0,43.0,False,False,False
O Thomas,4.0,21.0,True,False,True
OA Shah,23.0,16.0,True,False,True
OC McCoy,8.0,39.0,True,False,True
OEG Baartman,0.0,19.0,False,False,False
OF Smith,6.0,26.0,True,False,True
OP Stone,0.0,1.0,False,False,False
Omair Yousuf,0.0,5.0,False,False,False
P Amarnath,6.0,0.0,False,False,False
P Awana,33.0,2.0,True,False,True
P Chopra,2.0,0.0,False,False,False
P Dharmani,1.0,0.0,False,False,False
P Dogra,13.0,0.0,False,False,False
P Dubey,5.0,0.0,False,False,False
P Jayawickrama,0.0,5.0,False,False,False
P Kumar,119.0,9.0,True,False,True
P Mustard,0.0,2.0,False,False,False
P Negi,50.0,0.0,False,True,True
P Nissanka,10.0,79.0,True,False,True
P Parameswaran,8.0,0.0,False,False,False
P Prasanth,1.0,0.0,False,False,False
P Rathnayake,0.0,14.0,False,False,False
P Ray Barman,1.0,0.0,False,False,False
P Sahu,5.0,0.0,False,False,False
P Simran Singh,66.0,0.0,False,True,True
P Subrayen,0.0,2.0,False,False,False
P Suyal,5.0,0.0,False,False,False
P Utseya,0.0,28.0,False,False,False
PA Hitchcock,0.0,1.0,False,False,False
PA Nixon,0.0,1.0,False,False,False
PA Patel,139.0,2.0,True,False,True
PA Reddy,12.0,0.0,False,False,False
PADLR Sandakan,0.0,20.0,False,False,False
PBB Rajapaksa,13.0,36.0,True,False,True
PC Connell,0.0,1.0,False,False,False
PC Valthaty,23.0,0.0,False,False,False
PC de Silva,0.0,2.0,False,False,False
PD Collingwood,8.0,34.0,True,False,True
PD McGlashan,0.0,10.0,False,False,False
PD Salt,40.0,53.0,True,False,True
PDRL Perera,0.0,2.0,False,False,False
PE Kruger,0.0,7.0,False,False,False
PG Fulton,0.0,11.0,False,False,False
PH Solanki,2.0,0.0,False,False,False
PHKD Mendis,5.0,41.0,True,False,True
PJ Cummins,80.0,54.0,True,False,True
PJ Hughes,0.0,1.0,False,False,False
PJ Ingram,0.0,3.0,False,False,False
PJ Moor,0.0,13.0,False,False,False
PJ Sangwan,42.0,0.0,False,False,False
PJ van Biljon,0.0,10.0,False,False,False
PK Garg,23.0,0.0,False,False,False
PKD Chase,0.0,2.0,False,False,False
PM Liyanagamage,0.0,6.0,False,False,False
PM Nevill,0.0,9.0,False,False,False
PM Sarvesh Kumar,2.0,0.0,False,False,False
PM Siddle,0.0,2.0,False,False,False
PN Mankad,6.0,0.0,False,False,False
PP Chawla,192.0,7.0,True,False,True
PP Hinge,7.0,0.0,False,False,False
PP Ojha,92.0,6.0,True,False,True
PP Shaw,79.0,1.0,True,False,True
PR Brown,0.0,4.0,False,False,False
PR Shah,16.0,0.0,False,False,False
PR Stirling,0.0,64.0,False,False,False
PR Veer,6.0,0.0,False,False,False
PSP Handscomb,2.0,2.0,True,False,True
PV Tambe,33.0,0.0,False,False,False
PVD Chameera,21.0,71.0,True,False,True
PVSN Raju,2.0,0.0,False,False,False
PWA Mulder,1.0,15.0,True,False,True
PWH de Silva,37.0,83.0,True,False,True
Pankaj Singh,17.0,0.0,False,False,False
Parvez Hossain Emon,0.0,23.0,False,False,False
Parvez Rasool,11.0,1.0,True,False,True
Prince Yadav,20.0,0.0,False,False,False
Priyansh Arya,31.0,0.0,False,False,False
Q de Kock,118.0,99.0,True,False,True
Qasim Akram,0.0,2.0,False,False,False
R Ashwin,219.0,59.0,True,False,True
R Bhatia,95.0,0.0,False,True,True
R Bishnoi,3.0,0.0,False,False,False
R Dhawan,39.0,1.0,True,False,True
R Dravid,89.0,1.0,True,False,True
R Frylinck,0.0,3.0,False,False,False
R Goyal,1.0,0.0,False,False,False
R McLaren,18.0,12.0,True,False,True
R Minz,4.0,0.0,False,False,False
R Mondol,0.0,4.0,False,False,False
R Mutumbami,0.0,12.0,False,False,False
R Ngarava,0.0,53.0,False,False,False
R Ninan,2.0,0.0,False,False,False
R Parag,97.0,9.0,True,False,True
R Powell,39.0,109.0,True,False,True
R Rampaul,12.0,27.0,True,False,True
R Ravindra,18.0,43.0,True,False,True
R Sai Kishore,28.0,1.0,True,False,True
R Sanjay Yadav,1.0,0.0,False,False,False
R Sathish,34.0,0.0,False,False,False
R Sharma,44.0,2.0,True,False,True
R Shepherd,33.0,78.0,True,False,True
R Shukla,7.0,0.0,False,False,False
R Smaran,6.0,0.0,False,False,False
R Telemachus,0.0,2.0,False,False,False
R Tewatia,124.0,0.0,False,True,True
R Vinay Kumar,104.0,9.0,True,False,True
RA Bawa,8.0,0.0,False,False,False
RA Herman,0.0,11.0,False,False,False
RA Jadeja,267.0,67.0,True,False,True
RA Reifer,0.0,3.0,False,False,False
RA Shaikh,1.0,0.0,False,False,False
RA Tripathi,100.0,5.0,True,False,True
RAS Lakmal,0.0,11.0,False,False,False
RD Chahar,80.0,5.0,True,False,True
RD Gaikwad,85.0,21.0,True,False,True
RD Rickelton,26.0,26.0,True,False,True
RE Levi,6.0,13.0,True,False,True
RE van der Merwe,21.0,11.0,True,False,True
RG More,2.0,0.0,False,False,False
RG Sharma,281.0,147.0,True,False,True
RJ Gleeson,3.0,6.0,True,False,True
RJ Harris,37.0,3.0,True,False,True
RJ Kirtley,0.0,1.0,False,False,False
RJ Nicol,0.0,21.0,False,False,False
RJ Peterson,5.0,20.0,True,False,True
RJ Quiney,7.0,0.0,False,False,False
RJ Sidebottom,0.0,17.0,False,False,False
RJMGM Rupasinghe,0.0,2.0,False,False,False
RJW Topley,6.0,32.0,True,False,True
RK Bhui,4.0,0.0,False,False,False
RK Kleinveldt,0.0,6.0,False,False,False
RK Singh,72.0,37.0,True,False,True
RL Chase,0.0,55.0,False,False,False
RLB Rambukwella,0.0,2.0,False,False,False
RM Hira,0.0,15.0,False,False,False
RM Patidar,57.0,0.0,False,True,True
RM West,0.0,5.0,False,False,False
RMS Eranga,0.0,3.0,False,False,False
RN Lewis,0.0,1.0,False,False,False
RN ten Doeschate,29.0,0.0,False,False,False
RP Arnold,0.0,1.0,False,False,False
RP Burl,0.0,60.0,False,False,False
RP Meredith,18.0,5.0,True,False,True
RP Singh,82.0,9.0,True,False,True
RR Bhatkal,1.0,0.0,False,False,False
RR Bose,1.0,0.0,False,False,False
RR Emrit,0.0,4.0,False,False,False
RR Hendricks,0.0,85.0,False,False,False
RR Pant,139.0,68.0,True,False,True
RR Powar,27.0,0.0,False,False,False
RR Raje,10.0,0.0,False,False,False
RR Rossouw,22.0,28.0,True,False,True
RR Sarwan,4.0,18.0,True,False,True
RS Bopara,24.0,36.0,True,False,True
RS Gavaskar,2.0,0.0,False,False,False
RS Ghosh,1.0,0.0,False,False,False
RS Hangargekar,2.0,0.0,False,False,False
RS Morton,0.0,7.0,False,False,False
RS Sodhi,3.0,0.0,False,False,False
RT Ponting,10.0,17.0,True,False,True
RTM Mendis,0.0,4.0,False,False,False
RV Gomez,13.0,0.0,False,False,False
RV Patel,9.0,0.0,False,False,False
RV Pawar,1.0,0.0,False,False,False
RV Uthappa,205.0,12.0,True,False,True
RW Chakabva,0.0,25.0,False,False,False
RW Price,1.0,12.0,True,False,True
Rafatullah Mohmand,0.0,3.0,False,False,False
Raghu Sharma,6.0,0.0,False,False,False
Rahmanullah Gurbaz,18.0,0.0,False,False,False
Rakibul Hasan,0.0,2.0,False,False,False
Ramandeep Singh,38.0,2.0,True,False,True
Rameez Raja (2),0.0,2.0,False,False,False
Raqibul Hasan,0.0,5.0,False,False,False
Rashid Khan,153.0,0.0,False,True,True
Rasikh Salam,25.0,0.0,False,False,False
Ravi Bishnoi,86.0,39.0,True,False,True
Ravi Singh,1.0,0.0,False,False,False
Raza Hasan,0.0,10.0,False,False,False
Rehan Ahmed,0.0,13.0,False,False,False
Rishad Hossain,0.0,41.0,False,False,False
Robiul Islam,0.0,1.0,False,False,False
Rohail Nazir,0.0,1.0,False,False,False
Rony Talukdar,0.0,10.0,False,False,False
Rubel Hossain,0.0,25.0,False,False,False
Rumman Raees,0.0,5.0,False,False,False
S Anirudha,20.0,0.0,False,False,False
S Aravind,38.0,1.0,True,False,True
S Arora,13.0,0.0,False,False,False
S Badree,12.0,45.0,True,False,True
S Badrinath,94.0,1.0,True,False,True
S Baker,0.0,1.0,False,False,False
S Chanderpaul,3.0,22.0,True,False,True
S Dhawan,222.0,66.0,True,False,True
S Dube,92.0,51.0,True,False,True
S Gopal,52.0,0.0,False,True,True
S Joseph,1.0,20.0,True,False,True
S Kaul,55.0,3.0,True,False,True
S Kaushik,10.0,0.0,False,False,False
S Ladda,9.0,0.0,False,False,False
S Lamichhane,9.0,0.0,False,False,False
S Mahmood,0.0,19.0,False,False,False
S Matsikenyeri,0.0,5.0,False,False,False
S Midhun,1.0,0.0,False,False,False
S Muthusamy,0.0,5.0,False,False,False
S Nadeem,72.0,0.0,False,True,True
S Narwal,7.0,0.0,False,False,False
S Prasanna,0.0,20.0,False,False,False
S Qeshile,0.0,2.0,False,False,False
S Rana,11.0,0.0,False,False,False
S Randiv,8.0,7.0,True,False,True
S Samarawickrama,0.0,16.0,False,False,False
S Sandeep Warrier,10.0,1.0,True,False,True
S Sohal,22.0,0.0,False,False,False
S Sreesanth,44.0,9.0,True,False,True
S Sriram,2.0,0.0,False,False,False
S Tyagi,14.0,1.0,True,False,True
S Vidyut,9.0,0.0,False,False,False
SA Abbott,3.0,26.0,True,False,True
SA Asnodkar,20.0,0.0,False,False,False
SA Yadav,179.0,100.0,True,False,True
SB Bangar,12.0,0.0,False,False,False
SB Dubey,20.0,0.0,False,False,False
SB Jakati,59.0,0.0,False,True,True
SB Joshi,4.0,0.0,False,False,False
SB Styris,12.0,29.0,True,False,True
SB Wagh,8.0,0.0,False,False,False
SC Ganguly,59.0,0.0,False,True,True
SC Getkate,0.0,10.0,False,False,False
SC Kuggeleijn,2.0,18.0,True,False,True
SC Meaker,0.0,2.0,False,False,False
SC Williams,0.0,49.0,False,False,False
SCJ Broad,0.0,53.0,False,False,False
SD Chitnis,11.0,0.0,False,False,False
SD Hope,9.0,64.0,True,False,True
SD Lad,1.0,0.0,False,False,False
SD Parry,0.0,4.0,False,False,False
SE Bond,8.0,19.0,True,False,True
SE Findlay,0.0,2.0,False,False,False
SE Marsh,71.0,15.0,True,False,True
SE Rutherford,31.0,47.0,True,False,True
SF Mire,0.0,6.0,False,False,False
SG Borthwick,0.0,1.0,False,False,False
SH Johnson,12.0,8.0,True,False,True
SHA Rance,0.0,8.0,False,False,False
SHT Kandamby,0.0,3.0,False,False,False
SI Mahmood,0.0,4.0,False,False,False
SI de Saram,0.0,1.0,False,False,False
SJ Benn,0.0,23.0,False,False,False
SJ Harmison,0.0,2.0,False,False,False
SJ Srivastava,14.0,0.0,False,False,False
SK Raina,204.0,75.0,True,False,True
SK Rasheed,5.0,0.0,False,False,False
SK Springer,0.0,6.0,False,False,False
SK Trivedi,76.0,0.0,False,True,True
SK Warne,55.0,0.0,False,True,True
SL Malinga,122.0,80.0,True,False,True
SM Boland,2.0,3.0,True,False,True
SM Curran,64.0,69.0,True,False,True
SM Davies,0.0,5.0,False,False,False
SM Harwood,3.0,3.0,True,False,True
SM Katich,11.0,3.0,True,False,True
SM Pollock,13.0,11.0,True,False,True
SMA Priyanjan,0.0,3.0,False,False,False
SMSM Senanayake,8.0,23.0,True,False,True
SN Khan,58.0,0.0,False,True,True
SN Thakur,114.0,23.0,True,False,True
SNJ O'Keefe,0.0,7.0,False,False,False
SO Hetmyer,94.0,76.0,True,False,True
SP Fleming,10.0,5.0,True,False,True
SP Goswami,31.0,0.0,False,False,False
SP Jackson,9.0,0.0,False,False,False
SP Narine,201.0,48.0,True,False,True
SPD Smith,103.0,66.0,True,False,True
SR Clark,0.0,9.0,False,False,False
SR Dubey,4.0,0.0,False,False,False
SR Patel,0.0,17.0,False,False,False
SR Tendulkar,78.0,1.0,True,False,True
SR Thompson,0.0,5.0,False,False,False
SR Watson,145.0,58.0,True,False,True
SS Agarwal,1.0,0.0,False,False,False
SS Cottrell,6.0,42.0,True,False,True
SS Iyer,147.0,50.0,True,False,True
SS Mishra,2.0,0.0,False,False,False
SS Mundhe,1.0,0.0,False,False,False
SS Pathirana,0.0,5.0,False,False,False
SS Prabhudessai,11.0,0.0,False,False,False
SS Sarkar,2.0,0.0,False,False,False
SS Shaikh,2.0,0.0,False,False,False
SS Tiwary,92.0,0.0,False,True,True
SSB Magala,2.0,6.0,True,False,True
SSJ Brooks,0.0,12.0,False,False,False
ST Doheny,0.0,3.0,False,False,False
ST Finn,0.0,20.0,False,False,False
ST Gabriel,0.0,2.0,False,False,False
ST Jayasuriya,30.0,29.0,True,False,True
ST de Silva,0.0,3.0,False,False,False
STR Binny,95.0,3.0,True,False,True
SU Parakh,4.0,0.0,False,False,False
SV Samson,190.0,58.0,True,False,True
SW Billings,30.0,36.0,True,False,True
SW Masakadza,0.0,7.0,False,False,False
SW Poynter,0.0,1.0,False,False,False
SW Tait,21.0,21.0,True,False,True
SZ Mulani,2.0,0.0,False,False,False
Saad Nasim,0.0,3.0,False,False,False
Sabbir Rahman,0.0,36.0,False,False,False
Sachin Baby,20.0,0.0,False,False,False
Saeed Ajmal,0.0,63.0,False,False,False
Sahibzada Farhan,0.0,35.0,False,False,False
Saif Hassan,0.0,15.0,False,False,False
Saim Ayub,0.0,52.0,False,False,False
Sajedul Islam,0.0,1.0,False,False,False
Sakib Hussain,11.0,0.0,False,False,False
Salil Arora,1.0,0.0,False,False,False
Salman Butt,7.0,19.0,True,False,True
Salman Mirza,0.0,12.0,False,False,False
Sameer Rizvi,25.0,0.0,False,False,False
Sandeep Sharma,142.0,2.0,True,False,True
Sanvir Singh,6.0,0.0,False,False,False
Saqlain Sajib,0.0,1.0,False,False,False
Sarfraz Ahmed,0.0,55.0,False,False,False
Saurav Chauhan,3.0,0.0,False,False,False
Sediqullah Atal,1.0,0.0,False,False,False
Shadab Khan,0.0,104.0,False,False,False
Shafiul Islam,0.0,18.0,False,False,False
Shahadat Hossain,0.0,7.0,False,False,False
Shahbaz Ahmed,63.0,1.0,True,False,True
Shaheen Shah Afridi,0.0,89.0,False,False,False
Shahid Afridi,10.0,91.0,True,False,True
Shahnawaz Dhani,0.0,10.0,False,False,False
Shahzaib Hasan,0.0,10.0,False,False,False
Shakeel Ansar,0.0,2.0,False,False,False
Shakib Al Hasan,71.0,97.0,True,False,True
Shamim Hossain,0.0,38.0,False,False,False
Shamsur Rahman,0.0,9.0,False,False,False
Shan Masood,0.0,18.0,False,False,False
Sharjeel Khan,0.0,19.0,False,False,False
Shashank Singh,54.0,0.0,False,True,True
Shivam Mavi,32.0,6.0,True,False,True
Shivam Sharma,5.0,0.0,False,False,False
Shivam Singh,1.0,0.0,False,False,False
Shivang Kumar,13.0,0.0,False,False,False
Shoaib Ahmed,8.0,0.0,False,False,False
Shoaib Akhtar,3.0,13.0,True,False,True
Shoaib Khan jnr,0.0,2.0,False,False,False
Shoaib Malik,7.0,108.0,True,False,True
Shohidul Islam,0.0,1.0,False,False,False
Shoriful Islam,0.0,49.0,False,False,False
Shubman Gill,134.0,33.0,True,False,True
Shuvagata Hom,0.0,5.0,False,False,False
Sikandar Raza,9.0,71.0,True,False,True
Simarjeet Singh,14.0,0.0,False,False,False
Simi Singh,0.0,16.0,False,False,False
Sohag Gazi,0.0,10.0,False,False,False
Sohaib Maqsood,0.0,25.0,False,False,False
Sohail Khan,0.0,2.0,False,False,False
Sohail Tanvir,11.0,54.0,True,False,True
Soumya Sarkar,0.0,75.0,False,False,False
Sufiyan Muqeem,0.0,12.0,False,False,False
Suhrawadi Shuvo,0.0,1.0,False,False,False
Sumit Kumar,4.0,0.0,False,False,False
Sunny Gupta,1.0,0.0,False,False,False
Sunny Singh,6.0,0.0,False,False,False
Suryansh Shedge,12.0,0.0,False,False,False
Suyash Sharma,39.0,0.0,False,False,False
Swapnil Singh,14.0,0.0,False,False,False
Syed Rasel,0.0,7.0,False,False,False
T Banton,2.0,32.0,True,False,True
T Bavuma,0.0,35.0,False,False,False
T Dahiya,2.0,0.0,False,False,False
T Gwandu,0.0,11.0,False,False,False
T Henderson,2.0,1.0,True,False,True
T Hinds,0.0,2.0,False,False,False
T Kamungozi,0.0,1.0,False,False,False
T Kohler-Cadmore,3.0,0.0,False,False,False
T Kohli,4.0,0.0,False,False,False
T Maruma,0.0,6.0,False,False,False
T Marumani,0.0,40.0,False,False,False
T Mishra,1.0,0.0,False,False,False
T Munyonga,0.0,24.0,False,False,False
T Mupariwa,0.0,2.0,False,False,False
T Musekiwa,0.0,21.0,False,False,False
T Muzarabani,0.0,7.0,False,False,False
T Natarajan,74.0,4.0,True,False,True
T Panyangara,0.0,9.0,False,False,False
T Sangha,0.0,7.0,False,False,False
T Shamsi,5.0,67.0,True,False,True
T Stubbs,47.0,45.0,True,False,True
T Taibu,3.0,13.0,True,False,True
T Thushara,6.0,5.0,True,False,True
T Vijay,1.0,0.0,False,False,False
T de Zorzi,0.0,7.0,False,False,False
TA Blundell,0.0,9.0,False,False,False
TA Boult,124.0,54.0,True,False,True
TAM Siriwardana,0.0,20.0,False,False,False
TB Robinson,0.0,31.0,False,False,False
TB de Bruyn,0.0,2.0,False,False,False
TC Bruce,0.0,17.0,False,False,False
TD Astle,0.0,5.0,False,False,False
TD Paine,2.0,10.0,True,False,True
TE Kane,0.0,3.0,False,False,False
TF van Woerkom,0.0,1.0,False,False,False
TG Southee,54.0,118.0,True,False,True
TH David,66.0,49.0,True,False,True
TH Tector,0.0,5.0,False,False,False
TJ Murtagh,0.0,3.0,False,False,False
TK Curran,13.0,30.0,True,False,True
TK Musakanda,0.0,9.0,False,False,False
TL Best,0.0,6.0,False,False,False
TL Chatara,0.0,27.0,False,False,False
TL Chivanga,0.0,2.0,False,False,False
TL Seifert,6.0,83.0,True,False,True
TL Suman,43.0,0.0,False,False,False
TM Dilshan,51.0,74.0,True,False,True
TM Dowlin,0.0,2.0,False,False,False
TM Head,53.0,45.0,True,False,True
TM Srivastava,7.0,0.0,False,False,False
TP Sudhindra,3.0,0.0,False,False,False
TR Ambrose,0.0,1.0,False,False,False
TR Birt,5.0,4.0,True,False,True
TS Chisoro,0.0,11.0,False,False,False
TS Kamunhukamwe,0.0,10.0,False,False,False
TS Mills,10.0,15.0,True,False,True
TT Bresnan,0.0,33.0,False,False,False
TT Maposa,0.0,12.0,False,False,False
TU Deshpande,53.0,2.0,True,False,True
TWM Latham,0.0,29.0,False,False,False
Taijul Islam,0.0,1.0,False,False,False
Tamim Iqbal,0.0,60.0,False,False,False
Tanush Kotian,1.0,0.0,False,False,False
Tanvir Ahmed,0.0,1.0,False,False,False
Tanvir Islam,0.0,4.0,False,False,False
Tanzid Hasan,0.0,32.0,False,False,False
Tanzim Hasan Sakib,0.0,28.0,False,False,False
Taskin Ahmed,0.0,67.0,False,False,False
Tayyab Tahir,0.0,5.0,False,False,False
Tejas Baroka,1.0,0.0,False,False,False
Tilak Varma,68.0,41.0,True,False,True
Towhid Hridoy,0.0,43.0,False,False,False
U Kaul,5.0,0.0,False,False,False
UA Birla,2.0,0.0,False,False,False
UBT Chand,21.0,0.0,False,False,False
UT Khawaja,6.0,9.0,True,False,True
UT Yadav,148.0,9.0,True,False,True
UWMBCA Welegedara,0.0,2.0,False,False,False
Umar Akmal,0.0,82.0,False,False,False
Umar Amin,0.0,13.0,False,False,False
Umar Gul,6.0,55.0,True,False,True
Umran Malik,26.0,8.0,True,False,True
Urvil Patel,10.0,0.0,False,False,False
Usama Mir,0.0,5.0,False,False,False
Usman Khan,0.0,32.0,False,False,False
Usman Qadir,0.0,24.0,False,False,False
Usman Shinwari,0.0,13.0,False,False,False
Usman Tariq,0.0,6.0,False,False,False
V Kaverappa,1.0,0.0,False,False,False
V Kohli,282.0,112.0,True,False,True
V Nigam,19.0,0.0,False,False,False
V Permaul,0.0,1.0,False,False,False
V Pratap Singh,9.0,0.0,False,False,False
V Puthur,5.0,0.0,False,False,False
V Sehwag,104.0,17.0,True,False,True
V Shankar,78.0,9.0,True,False,True
V Sibanda,0.0,21.0,False,False,False
V Suryavanshi,23.0,0.0,False,False,False
V Viyaskanth,3.0,1.0,True,False,True
VB van Jaarsveld,0.0,3.0,False,False,False
VD Philander,0.0,7.0,False,False,False
VG Arora,43.0,0.0,False,False,False
VH Zol,3.0,0.0,False,False,False
VM Nyauchi,0.0,1.0,False,False,False
VR Aaron,52.0,0.0,False,True,True
VR Iyer,68.0,9.0,True,False,True
VRV Singh,19.0,0.0,False,False,False
VS Malik,13.0,0.0,False,False,False
VS Solanki,0.0,3.0,False,False,False
VS Yeligati,2.0,0.0,False,False,False
VVS Laxman,20.0,0.0,False,False,False
VY Mahesh,17.0,0.0,False,False,False
Vijaykumar Vyshak,26.0,0.0,False,False,False
Virat Singh,3.0,0.0,False,False,False
Vishnu Vinod,7.0,0.0,False,False,False
Vivrant Sharma,3.0,0.0,False,False,False
W Jaffer,8.0,0.0,False,False,False
W Madhevere,0.0,43.0,False,False,False
W McClintock,0.0,3.0,False,False,False
W O'Rourke,3.0,7.0,True,False,True
WA Mota,12.0,0.0,False,False,False
WA Young,0.0,19.0,False,False,False
WB Rankin,0.0,13.0,False,False,False
WD Parnell,33.0,54.0,True,False,True
WG Jacks,28.0,35.0,True,False,True
WIA Fernando,0.0,36.0,False,False,False
WJ Lubbe,0.0,2.0,False,False,False
WK McCallan,0.0,5.0,False,False,False
WKD Perkins,0.0,1.0,False,False,False
WP Masakadza,0.0,47.0,False,False,False
WP Saha,169.0,0.0,False,True,True
WPUJC Vaas,13.0,5.0,True,False,True
WTS Porterfield,0.0,15.0,False,False,False
WU Tharanga,0.0,25.0,False,False,False
WW Hinds,0.0,5.0,False,False,False
Wahab Riaz,0.0,36.0,False,False,False
Waqas Maqsood,0.0,1.0,False,False,False
Washington Sundar,83.0,53.0,True,False,True
X Thalaivan Sargunam,1.0,0.0,False,False,False
XC Bartlett,13.0,18.0,True,False,True
XJ Doherty,0.0,11.0,False,False,False
XM Marshall,0.0,6.0,False,False,False
Y Cariah,0.0,2.0,False,False,False
Y Gnaneswara Rao,2.0,0.0,False,False,False
Y Nagar,26.0,0.0,False,False,False
Y Prithvi Raj,2.0,0.0,False,False,False
Y Venugopal Rao,65.0,0.0,False,True,True
YA Abdulla,11.0,2.0,True,False,True
YBK Jaiswal,82.0,19.0,True,False,True
YK Pathan,174.0,21.0,True,False,True
YS Chahal,189.0,79.0,True,False,True
YV Dhull,4.0,0.0,False,False,False
YV Takawale,16.0,0.0,False,False,False
Yash Dayal,43.0,0.0,False,False,False
Yash Raj Punja,8.0,0.0,False,False,False
Yash Thakur,22.0,0.0,False,False,False
Yashpal Singh,8.0,0.0,False,False,False
Yasir Ali Chowdhury,0.0,7.0,False,False,False
Yasir Arafat,0.0,12.0,False,False,False
Yasir Shah,0.0,2.0,False,False,False
Younis Khan,1.0,20.0,True,False,True
Yudhvir Singh,9.0,0.0,False,False,False
Yuvraj Singh,132.0,54.0,True,False,True
Z Khan,99.0,15.0,True,False,True
ZGF Foulkes,0.0,22.0,False,False,False
Zahid Mahmood,0.0,1.0,False,False,False
Zakir Hasan,0.0,3.0,False,False,False
Zaman Khan,0.0,7.0,False,False,False
Zeeshan Ansari,10.0,0.0,False,False,False
Ziaur Rahman,0.0,9.0,False,False,False
Zulfiqar Babar,0.0,6.0,False,False,False
Zulqarnain Haider,0.0,2.0,False,False,False
